,Id,DistrictId,Rooms,Square,LifeSquare,KitchenSquare,Floor,HouseFloor,HouseYear,Ecology_1,Ecology_2,Ecology_3,Social_1,Social_2,Social_3,Healthcare_1,Helthcare_2,Shops_1,Shops_2
0,4567,44,1.0,36.8476300590569,1231,5.0,5,9.0,1970,0.036122292,B,B,24,4378,0,12312,1,1,B
1,5925,62,1.0,42.49390721216511,1231,10.0,7,17.0,2017,0.072157581,B,B,2,629,1,12312,0,0,A
2,960,27,2.0,59.46367829288154,1231,9.0,19,19.0,1977,0.211401214,B,B,9,1892,0,12312,0,1,B
3,3848,23,3.0,49.64602982741851,1231,6.0,2,2.0,1965,0.014072961,B,B,2,475,0,12312,0,0,B
4,746,74,1.0,53.83705552291424,1231,1.0,8,17.0,1977,0.309479124,B,B,35,7715,4,12312,0,6,B
5,868,38,3.0,87.13999445192246,1231,10.0,4,23.0,2011,0.060753049,B,B,15,2787,2,12312,0,7,B
6,672,62,1.0,46.26945562647919,1231,11.0,8,17.0,2014,0.072157581,B,B,2,629,1,12312,0,0,A
7,2471,2,2.0,48.172968708932885,1231,6.0,4,9.0,1974,0.0,B,B,33,7425,1,12312,2,5,B
8,4510,1,1.0,43.15376113882693,1231,9.0,10,17.0,2014,0.007122317,B,B,1,264,0,12312,0,1,B
9,8354,62,2.0,62.5937866412943,1231,10.0,1,16.0,1981,0.002211665,B,B,39,7614,3,12312,1,5,A
10,6393,8,1.0,41.49650853339136,1231,7.0,4,17.0,2009,0.43788524,B,B,23,5735,3,12312,0,5,B
11,13270,9,3.0,80.59947151905445,1231,1.0,4,1.0,1977,0.161531741,B,B,25,5648,1,12312,2,4,B
12,5250,96,4.0,87.77638168144794,1231,10.0,25,24.0,2014,0.041116354,B,B,53,14892,4,12312,1,4,B
13,16751,74,1.0,54.6141699426221,1231,1.0,8,17.0,1977,0.075778755,B,B,6,1437,3,12312,0,2,B
14,11404,27,1.0,44.41551017635499,1231,1.0,14,1.0,1977,0.072157581,B,B,2,629,1,12312,0,0,A
15,10588,113,2.0,71.82875388902875,1231,10.0,6,22.0,2004,0.050755569,B,B,24,5469,1,12312,0,1,B
16,14925,22,2.0,61.41358310533283,1231,1.0,13,17.0,1977,0.118537385,B,B,30,6207,1,12312,1,0,B
17,6791,1,3.0,72.02327542455551,1231,1.0,4,24.0,1977,0.007122317,B,B,1,264,0,12312,0,1,B
18,16097,57,1.0,44.323796217038144,1231,12.0,4,16.0,2007,0.133215333,B,B,49,11395,3,12312,3,4,A
19,16428,170,3.0,77.0287905358431,1231,10.0,13,17.0,1990,0.21843974,B,B,21,4472,6,12312,4,7,A
20,6945,53,3.0,85.18661187100972,1231,11.0,11,12.0,2017,0.049637257,B,B,34,7759,0,12312,1,3,B
21,3190,9,2.0,64.86239597220232,1231,1.0,7,1.0,1977,0.161531741,B,B,25,5648,1,12312,2,4,B
22,15709,48,3.0,86.48993470329461,1231,1.0,24,1.0,2015,0.041124634,B,B,46,9515,5,12312,1,10,B
23,13155,41,2.0,48.4407146464437,1231,6.0,4,9.0,1979,0.394094211,B,B,3,662,0,12312,0,0,B
24,7675,47,2.0,47.09561396179439,1231,8.0,10,12.0,1970,0.298204575,B,B,16,4048,3,12312,1,3,B
25,14686,1,3.0,77.22988533763153,1231,1.0,18,17.0,1977,0.007122317,B,B,1,264,0,12312,0,1,B
26,609,9,2.0,43.255853827147455,1231,5.0,6,5.0,1972,0.161531741,B,B,25,5648,1,12312,2,4,B
27,11155,150,2.0,43.569924463619735,1231,5.0,4,5.0,1965,0.08761909,B,B,8,1497,5,12312,1,0,B
28,10869,23,3.0,78.00188787116683,1231,1.0,21,25.0,2015,0.075778755,B,B,6,1437,3,12312,0,2,B
29,15742,30,2.0,64.88878321604794,1231,1.0,12,17.0,1977,7.81528e-05,B,B,22,6398,141,12312,3,23,B
30,9245,1,2.0,63.115040972639896,1231,0.0,4,24.0,1977,0.007122317,B,B,1,264,0,12312,0,1,B
31,3340,27,3.0,69.92193904856693,1231,1.0,9,17.0,1977,0.211401214,B,B,9,1892,0,12312,0,1,B
32,2359,53,2.0,60.73449830521805,1231,10.0,17,24.0,2020,0.049637257,B,B,34,7759,0,12312,1,3,B
33,8070,38,2.0,40.2169312091974,1231,7.0,8,9.0,1964,0.060753049,B,B,15,2787,2,12312,0,7,B
34,13707,1,1.0,42.44688260400803,1231,7.0,2,17.0,2015,0.007122317,B,B,1,264,0,12312,0,1,B
35,16079,11,4.0,70.4699405505211,1231,6.0,6,9.0,1970,0.0001696759999999,B,B,36,5992,0,12312,1,1,B
36,15937,9,4.0,92.1582517146398,1231,12.0,4,14.0,1997,0.161531741,B,B,25,5648,1,12312,2,4,B
37,14090,2,1.0,39.08264064099316,1231,7.0,10,14.0,1970,0.0,B,B,33,7425,1,12312,2,5,B
38,9008,72,2.0,47.67098552597152,1231,5.0,5,9.0,1980,0.210473241,B,B,11,2398,2,12312,3,0,B
39,16384,1,2.0,52.77367106330114,1231,10.0,6,17.0,2017,0.007122317,B,B,1,264,0,12312,0,1,B
40,11657,87,3.0,65.75474956064608,1231,6.0,12,12.0,1980,0.100455735,B,B,43,7227,0,12312,1,6,A
41,13151,25,1.0,29.24910777536649,1231,0.0,22,25.0,2016,0.069753361,B,B,53,13670,4,12312,1,11,B
42,8990,27,3.0,58.848188192175634,1231,6.0,11,9.0,1988,0.211401214,B,B,9,1892,0,12312,0,1,B
43,11857,11,2.0,46.5892195156833,1231,5.0,5,5.0,1968,0.0001696759999999,B,B,36,5992,0,12312,1,1,B
44,1565,52,1.0,38.92815373297433,1231,8.0,4,17.0,1994,0.371148999,B,B,34,7065,1,12312,2,5,B
45,8174,23,1.0,46.88683597148046,1231,0.0,3,3.0,2016,0.034656082,B,B,0,168,0,12312,0,0,B
46,9247,67,3.0,65.0196467536,1231,7.0,10,9.0,1979,0.100455735,B,B,43,7227,0,12312,1,6,A
47,10478,6,3.0,80.9861042067384,1231,1.0,10,1.0,2013,0.243204519,B,B,5,1564,0,12312,0,0,B
48,15509,27,2.0,55.43986118530975,1231,10.0,15,17.0,2016,0.011654127,B,B,4,915,0,12312,0,0,B
49,8306,179,2.0,45.597507428135344,1231,5.0,6,5.0,1967,0.037316452,B,B,32,6748,93,12312,4,10,B
50,6642,1,2.0,56.89047833586052,1231,1.0,12,17.0,1977,0.007122317,B,B,1,264,0,12312,0,1,B
51,7472,31,2.0,44.2795413959844,1231,5.0,7,5.0,1960,0.151346216,B,A,32,5889,10,12312,4,1,B
52,15989,62,1.0,47.095405501415,1231,0.0,4,0.0,1977,0.072157581,B,B,2,629,1,12312,0,0,A
53,13682,27,1.0,41.34565024439386,1231,8.0,14,14.0,2007,0.07542368,B,B,11,3097,0,12312,0,0,B
54,163,62,3.0,135.25082847524365,1231,1.0,1,3.0,2018,0.072157581,B,B,2,629,1,12312,0,0,A
55,7076,27,2.0,76.73464350633769,1231,1.0,3,1.0,1977,0.072157581,B,B,2,629,1,12312,0,0,A
56,7478,167,3.0,67.68259884924791,1231,4.0,4,4.0,1949,0.174739084,B,B,17,3379,9,12312,0,3,B
57,3029,13,1.0,43.57357629518538,1231,8.0,11,18.0,2000,0.090799103,B,B,74,19083,2,12312,5,15,B
58,1814,1,1.0,41.11560894052037,1231,0.0,4,17.0,1977,0.007122317,B,B,1,264,0,12312,0,1,B
59,10057,27,1.0,42.916845872695546,1231,6.0,10,15.0,2018,0.072157581,B,B,2,629,1,12312,0,0,A
60,15100,23,3.0,78.98223923932066,1231,1.0,4,25.0,1977,0.075778755,B,B,6,1437,3,12312,0,2,B
61,12694,27,3.0,83.67003174601149,1231,0.0,8,0.0,2015,0.072157581,B,B,2,629,1,12312,0,0,A
62,6291,78,1.0,40.539829225184405,1231,6.0,7,17.0,2002,0.092290642,B,B,21,4346,2,12312,1,2,B
63,12603,27,3.0,87.11106179723497,1231,17.0,2,3.0,2014,0.011654127,B,B,4,915,0,12312,0,0,B
64,3218,38,1.0,47.9813246694989,1231,1.0,8,17.0,2015,0.060753049,B,B,15,2787,2,12312,0,7,B
65,13456,6,1.0,38.90624910827649,1231,6.0,9,17.0,2015,0.243204519,B,B,5,1564,0,12312,0,0,B
66,10170,48,2.0,47.863789962737634,1231,6.0,12,12.0,1982,0.041124634,B,B,46,9515,5,12312,1,10,B
67,4530,23,2.0,92.18193950554456,1231,15.0,3,25.0,2013,0.075778755,B,B,6,1437,3,12312,0,2,B
68,13329,23,2.0,68.09953793820145,1231,1.0,2,17.0,1977,0.075778755,B,B,6,1437,3,12312,0,2,B
69,4820,22,1.0,42.35996399073461,1231,1.0,7,17.0,1977,0.118537385,B,B,30,6207,1,12312,1,0,B
70,10896,21,2.0,44.835016139438665,1231,5.0,3,5.0,1963,0.034331497,B,B,25,5487,3,12312,0,4,B
71,13416,27,1.0,35.54463363125278,1231,1.0,11,1.0,1977,0.072157581,B,B,2,629,1,12312,0,0,A
72,2701,29,3.0,61.04126877093078,1231,5.0,3,5.0,1965,0.069660344,B,B,31,6119,4,12312,1,2,B
73,11265,34,3.0,83.82724048818885,1231,10.0,24,25.0,2015,0.069753361,B,B,53,13670,4,12312,1,11,B
74,9189,169,3.0,61.83123391062148,1231,5.0,9,9.0,1977,0.300322518,B,B,52,10311,6,12312,1,9,B
75,1858,100,1.0,29.58575823133833,1231,5.0,3,8.0,1959,0.200146802,B,B,23,3975,8,12312,2,0,B
76,14536,1,3.0,79.66402295933614,1231,1.0,5,17.0,1977,0.007122317,B,B,1,264,0,12312,0,1,B
77,6199,55,3.0,80.34713152431259,1231,10.0,18,17.0,1989,0.041365446,B,B,31,5569,0,12312,1,4,B
78,14730,39,1.0,32.85144357739161,1231,6.0,7,9.0,1962,0.428825818,B,B,25,5011,8,12312,0,2,B
79,7510,44,2.0,54.39922301983204,1231,8.0,18,16.0,1985,0.122190486,B,B,25,4724,2,12312,1,3,B
80,15505,96,1.0,39.455484865289066,1231,9.0,5,9.0,2004,0.041116354,B,B,53,14892,4,12312,1,4,B
81,7446,100,1.0,34.55729086333245,1231,6.0,10,9.0,1966,0.200146802,B,B,23,3975,8,12312,2,0,B
82,14016,179,2.0,40.446433988327634,1231,7.0,9,5.0,1963,0.306977489,B,B,27,5148,14,12312,5,7,B
83,14113,27,1.0,33.31821814724473,1231,5.0,6,5.0,1981,0.051815435,B,B,5,1227,0,12312,0,0,B
84,8721,21,3.0,82.57646498437289,1231,7.0,5,5.0,1958,0.194489265,B,B,47,8004,3,12312,3,5,B
85,6193,99,3.0,78.78613434419736,1231,10.0,2,14.0,1999,0.033493708,B,B,66,10573,1,12312,3,8,B
86,5717,99,2.0,46.334891653768175,1231,6.0,4,9.0,1970,0.033493708,B,B,66,10573,1,12312,3,8,B
87,5427,48,3.0,68.58652194847812,1231,6.0,8,12.0,1982,0.041124634,B,B,46,9515,5,12312,1,10,B
88,9520,108,3.0,81.09213024526821,1231,8.0,3,8.0,1960,0.0,B,B,25,5027,4,12312,1,1,B
89,6869,27,1.0,37.74839849363714,1231,1.0,10,19.0,1977,0.211401214,B,B,9,1892,0,12312,0,1,B
90,1658,78,1.0,32.37262587105627,1231,6.0,6,12.0,1970,0.092290642,B,B,21,4346,2,12312,1,2,B
91,6639,9,2.0,66.38613911569288,1231,13.0,14,14.0,2008,0.161531741,B,B,25,5648,1,12312,2,4,B
92,6283,7,2.0,44.650853695349255,1231,5.0,7,5.0,1966,0.035145267,B,B,42,9292,3,12312,0,3,B
93,6257,62,1.0,43.83591910863056,1231,0.0,9,0.0,1977,0.072157581,B,B,2,629,1,12312,0,0,A
94,15235,139,1.0,35.454027280656064,1231,9.0,8,12.0,1970,0.122090347,B,B,29,6566,7,12312,4,0,B
95,902,27,3.0,99.29319132374468,1231,0.0,2,0.0,1977,0.07542368,B,B,11,3097,0,12312,0,0,B
96,8932,9,3.0,61.62386642520137,1231,6.0,6,9.0,1974,0.13012277,B,B,8,1986,0,12312,0,0,B
97,16469,93,3.0,98.58559190211751,1231,12.0,8,17.0,2009,0.041116354,B,B,53,14892,4,12312,1,4,B
98,2825,8,2.0,62.64316081071747,1231,10.0,13,22.0,2005,0.43788524,B,B,23,5735,3,12312,0,5,B
99,6450,20,3.0,80.27601266469395,1231,13.0,6,17.0,2000,0.019508796,B,B,37,7687,11,12312,5,5,B
100,11366,6,2.0,62.63302347184765,1231,10.0,17,17.0,2017,0.243204519,B,B,5,1564,0,12312,0,0,B
101,3801,78,3.0,84.2392213788685,1231,10.0,6,14.0,2001,0.092290642,B,B,21,4346,2,12312,1,2,B
102,11385,148,1.0,37.66882653105834,1231,9.0,10,12.0,1970,0.313924552,B,B,22,4625,11,12312,2,10,B
103,1079,34,1.0,39.05226829839874,1231,10.0,17,22.0,1995,0.069753361,B,B,53,13670,4,12312,1,11,B
104,3202,191,2.0,52.8922835247166,1231,9.0,17,16.0,1985,0.127375905,B,B,43,8429,3,12312,3,9,B
105,676,85,3.0,54.08853428132322,1231,6.0,8,9.0,1978,0.037177818,B,B,52,11217,1,12312,1,7,B
106,6185,37,2.0,66.89014715756927,1231,7.0,5,10.0,2018,0.178916796,B,B,18,3594,4,12312,1,5,B
107,7730,18,1.0,38.68917519174993,1231,8.0,2,14.0,1988,0.0,B,B,30,5562,0,12312,0,5,A
108,2573,27,2.0,66.33182664515653,1231,1.0,10,17.0,1977,0.017647053,B,B,2,469,0,12312,0,0,B
109,10978,1,2.0,64.35944435742464,1231,1.0,8,17.0,1977,0.007122317,B,B,1,264,0,12312,0,1,B
110,10962,9,3.0,77.07321170375477,1231,10.0,9,14.0,1992,0.161531741,B,B,25,5648,1,12312,2,4,B
111,8870,151,1.0,34.71337120701702,1231,10.0,8,12.0,1968,0.236108458,B,B,16,3893,27,12312,3,10,B
112,8496,128,1.0,38.3653201442884,1231,9.0,13,17.0,1995,0.0,B,B,27,4798,0,12312,2,8,B
113,5517,31,1.0,30.5715003172954,1231,4.0,2,4.0,1958,0.151346216,B,A,32,5889,10,12312,4,1,B
114,927,13,1.0,39.31735061325933,1231,9.0,8,16.0,1986,0.133215333,B,B,49,11395,3,12312,3,4,A
115,13675,78,1.0,43.77742840416781,1231,10.0,19,22.0,2006,0.219006007,B,B,28,6746,3,12312,1,4,B
116,1499,27,3.0,84.72014941664493,1231,1.0,9,12.0,2016,0.072157581,B,B,2,629,1,12312,0,0,A
117,15536,124,3.0,66.6230786819703,1231,9.0,4,12.0,1974,0.16909109,B,B,19,3856,10,12312,2,5,B
118,8602,114,3.0,71.54369310573048,1231,6.0,6,7.0,1977,0.327018035,B,B,12,2270,23,12312,1,0,B
119,12137,124,3.0,94.23797846010334,1231,12.0,12,21.0,2005,0.122090347,B,B,29,6566,7,12312,4,0,B
120,9865,61,2.0,54.320450432075006,1231,11.0,1,16.0,1982,0.300322518,B,B,52,10311,6,12312,1,9,B
121,16353,53,2.0,58.78278704187747,1231,1.0,7,22.0,2016,0.049637257,B,B,34,7759,0,12312,1,3,B
122,15908,61,2.0,46.51061051291392,1231,6.0,9,12.0,1977,0.300322518,B,B,52,10311,6,12312,1,9,B
123,3944,101,2.0,45.01684251607946,1231,6.0,4,5.0,1966,0.225824954,A,B,41,6558,7,12312,3,2,B
124,10359,46,2.0,45.32893674924416,1231,6.0,6,9.0,1970,0.0,B,B,47,11319,0,12312,3,5,B
125,15158,53,2.0,47.83518682937448,1231,6.0,10,9.0,1967,0.049637257,B,B,34,7759,0,12312,1,3,B
126,3259,12,2.0,60.108027807383,1231,10.0,7,16.0,1981,0.090799103,B,B,74,19083,2,12312,5,15,B
127,7220,96,3.0,80.18249326172486,1231,10.0,10,17.0,2003,0.041116354,B,B,53,14892,4,12312,1,4,B
128,13843,67,2.0,51.682261332764966,1231,6.0,5,12.0,1980,0.100455735,B,B,43,7227,0,12312,1,6,A
129,16736,44,2.0,43.650442683544085,1231,5.0,4,5.0,1961,0.122190486,B,B,25,4724,2,12312,1,3,B
130,702,46,3.0,62.72339387252833,1231,6.0,7,9.0,1969,0.0,B,B,47,11319,0,12312,3,5,B
131,16401,30,1.0,2.645046457760864,1231,1.0,2,1.0,1977,7.81528e-05,B,B,22,6398,141,12312,3,23,B
132,12134,52,2.0,66.46342969601757,1231,1.0,12,16.0,2015,0.371148999,B,B,34,7065,1,12312,2,5,B
133,6918,23,3.0,105.53513516506445,1231,1.0,6,9.0,1977,0.014072961,B,B,2,475,0,12312,0,0,B
134,11792,6,1.0,42.02458754161445,1231,13.0,21,25.0,1977,0.243204519,B,B,5,1564,0,12312,0,0,B
135,3798,30,2.0,39.18758707431647,1231,1.0,4,1.0,1977,7.81528e-05,B,B,22,6398,141,12312,3,23,B
136,10395,6,1.0,44.49977444312419,1231,1.0,8,1.0,1977,0.243204519,B,B,5,1564,0,12312,0,0,B
137,11099,1,1.0,36.007752888595746,1231,9.0,5,17.0,2010,0.025609157,B,B,33,5261,0,12312,3,1,B
138,7090,94,2.0,52.03477473644265,1231,5.0,5,5.0,1977,0.282797669,B,B,33,8667,2,12312,0,6,B
139,11260,46,2.0,46.81377639633951,1231,5.0,4,5.0,1968,0.0,B,B,47,11319,0,12312,3,5,B
140,9647,62,3.0,93.27499912297137,1231,1.0,5,3.0,1977,0.072157581,B,B,2,629,1,12312,0,0,A
141,2903,25,3.0,97.35372732075814,1231,1.0,23,24.0,1977,0.069753361,B,B,53,13670,4,12312,1,11,B
142,2071,101,2.0,48.57679567393848,1231,5.0,5,5.0,1968,0.225824954,A,B,41,6558,7,12312,3,2,B
143,8604,119,3.0,52.15680548100367,1231,6.0,1,9.0,1971,0.033493708,B,B,66,10573,1,12312,3,8,B
144,9346,125,2.0,47.56702321471278,1231,5.0,7,5.0,1964,0.040242764,B,B,25,3478,11,12312,3,1,B
145,3945,128,2.0,47.87363349415092,1231,6.0,8,9.0,1972,0.0,B,B,27,4798,0,12312,2,8,B
146,3420,9,1.0,38.39566517656586,1231,8.0,11,14.0,2010,0.31019913,B,B,11,2748,1,12312,0,0,B
147,10842,6,1.0,38.63728613062735,1231,1.0,17,17.0,1977,0.243204519,B,B,5,1564,0,12312,0,0,B
148,725,58,2.0,49.8826433899298,1231,6.0,6,14.0,1972,0.31019913,B,B,11,2748,1,12312,0,0,B
149,13931,138,2.0,43.69853923637347,1231,5.0,4,5.0,1963,0.0,B,B,36,6714,2,12312,0,2,B
150,16330,122,2.0,56.21298348811914,1231,9.0,5,17.0,1996,0.033493708,B,B,66,10573,1,12312,3,8,B
151,9066,59,3.0,75.3410686641437,1231,10.0,8,17.0,1987,0.019508796,B,B,37,7687,11,12312,5,5,B
152,3326,13,3.0,76.51840800463705,1231,10.0,6,17.0,1977,0.090799103,B,B,74,19083,2,12312,5,15,B
153,1556,34,2.0,63.279709227873184,1231,1.0,15,1.0,1977,0.069753361,B,B,53,13670,4,12312,1,11,B
154,6579,23,2.0,46.055741062053,1231,5.0,1,2.0,1975,0.034656082,B,B,0,168,0,12312,0,0,B
155,13877,27,2.0,56.78226155296662,1231,10.0,2,5.0,2015,0.07542368,B,B,11,3097,0,12312,0,0,B
156,9857,34,3.0,78.4798682472681,1231,10.0,17,16.0,2002,0.069753361,B,B,53,13670,4,12312,1,11,B
157,7302,62,3.0,62.36385024517085,1231,8.0,10,9.0,1975,0.002211665,B,B,39,7614,3,12312,1,5,A
158,5684,114,1.0,34.133497138417084,1231,7.0,6,8.0,1968,0.050272014,B,B,21,4231,14,12312,0,3,B
159,6513,88,3.0,60.7669618864274,1231,6.0,3,12.0,1974,0.127375905,B,B,43,8429,3,12312,3,9,B
160,11342,27,1.0,38.69279795114794,1231,8.0,16,17.0,1977,0.011654127,B,B,4,915,0,12312,0,0,B
161,16561,21,3.0,63.470494548149325,1231,5.0,7,9.0,1975,0.194489265,B,B,47,8004,3,12312,3,5,B
162,6885,39,2.0,49.41694304254325,1231,5.0,5,5.0,1975,0.428825818,B,B,25,5011,8,12312,0,2,B
163,9308,53,1.0,35.51663856661769,1231,6.0,5,9.0,1975,0.313924552,B,B,22,4625,11,12312,2,10,B
164,2559,23,2.0,73.86846010493733,1231,0.0,9,0.0,1977,0.075778755,B,B,6,1437,3,12312,0,2,B
165,6648,12,1.0,41.873921634502494,1231,8.0,18,17.0,1992,0.090799103,B,B,74,19083,2,12312,5,15,B
166,15260,118,1.0,36.13807008404357,1231,6.0,3,5.0,1959,0.21843974,B,B,21,4472,6,12312,4,7,A
167,5113,41,1.0,40.83976184730634,1231,7.0,5,14.0,2004,0.175054867,B,B,36,10055,3,12312,1,0,B
168,16492,88,1.0,42.865265145509575,1231,0.0,18,0.0,1977,0.127375905,B,B,43,8429,3,12312,3,9,B
169,12034,53,2.0,58.56362485209706,1231,10.0,16,24.0,2019,0.049637257,B,B,34,7759,0,12312,1,3,B
170,7248,37,2.0,49.340231291020594,1231,5.0,9,14.0,1973,0.178916796,B,B,18,3594,4,12312,1,5,B
171,2171,66,2.0,47.87330206990477,1231,4.0,3,5.0,1960,0.161975568,B,A,31,7010,5,12312,3,7,B
172,10594,9,2.0,47.77091955759415,1231,8.0,10,10.0,2008,0.13012277,B,B,8,1986,0,12312,0,0,B
173,13241,61,1.0,40.57629621127623,1231,10.0,6,22.0,1998,0.300322518,B,B,52,10311,6,12312,1,9,B
174,7032,13,1.0,29.57080169699652,1231,5.0,2,5.0,1964,0.133215333,B,B,49,11395,3,12312,3,4,A
175,4884,29,1.0,39.68887710532403,1231,8.0,2,14.0,1977,0.069660344,B,B,31,6119,4,12312,1,2,B
176,903,15,2.0,64.71893532395197,1231,2.0,6,14.0,2009,0.158249043,B,B,21,5731,0,12312,1,0,B
177,162,8,1.0,40.109638589309306,1231,9.0,14,15.0,1977,0.092290642,B,B,21,4346,2,12312,1,2,B
178,6566,75,2.0,65.77312468245391,1231,7.0,6,5.0,1957,0.122090347,B,B,29,6566,7,12312,4,0,B
179,8249,58,1.0,39.7683400120084,1231,8.0,10,10.0,2005,0.31019913,B,B,11,2748,1,12312,0,0,B
180,13106,93,3.0,66.5153415466758,1231,5.0,1,9.0,1973,0.521867054,B,B,25,6149,0,12312,0,0,B
181,256,6,1.0,38.87052458458938,1231,1.0,9,1.0,1977,0.243204519,B,B,5,1564,0,12312,0,0,B
182,7976,23,2.0,64.40535431930748,1231,1.0,16,25.0,1977,0.075778755,B,B,6,1437,3,12312,0,2,B
183,8575,30,2.0,54.61434593862014,1231,1.0,9,17.0,1977,7.81528e-05,B,B,22,6398,141,12312,3,23,B
184,7591,170,3.0,61.37492724098669,1231,6.0,4,9.0,1964,0.21843974,B,B,21,4472,6,12312,4,7,A
185,3204,128,2.0,62.08212168220585,1231,0.0,2,3.0,1977,0.0,B,B,27,4798,0,12312,2,8,B
186,15804,28,2.0,45.53818787128393,1231,5.0,4,5.0,1963,0.118537385,B,B,30,6207,1,12312,1,0,B
187,1525,34,3.0,74.90655619752668,1231,10.0,12,17.0,1993,0.069753361,B,B,53,13670,4,12312,1,11,B
188,9038,1,2.0,65.55264734791389,1231,1.0,15,17.0,1977,0.007122317,B,B,1,264,0,12312,0,1,B
189,13628,44,2.0,46.64393867521876,1231,5.0,7,5.0,1969,0.122190486,B,B,25,4724,2,12312,1,3,B
190,10016,44,2.0,45.24285161400138,1231,6.0,1,9.0,1976,0.122190486,B,B,25,4724,2,12312,1,3,B
191,10208,11,3.0,59.28946961032725,1231,5.0,5,5.0,1964,0.038692987,B,B,28,6533,1,12312,2,5,B
192,2008,94,2.0,48.693295697353975,1231,5.0,7,9.0,1975,0.127375905,B,B,43,8429,3,12312,3,9,B
193,13029,90,2.0,49.36773799954912,1231,9.0,11,12.0,1970,0.265088676,B,B,37,5288,0,12312,3,2,B
194,5099,6,1.0,41.50104016449672,1231,0.0,18,0.0,1977,0.243204519,B,B,5,1564,0,12312,0,0,B
195,9923,12,3.0,73.45472115659649,1231,10.0,17,17.0,1987,0.090799103,B,B,74,19083,2,12312,5,15,B
196,9461,57,1.0,33.008370007723215,1231,6.0,2,9.0,1979,0.407276235,A,B,9,1768,0,12312,0,0,A
197,11086,21,2.0,42.70799497329023,1231,5.0,9,8.0,1964,0.149666373,B,B,22,4789,2,12312,4,1,B
198,15057,178,2.0,55.08731987921566,1231,7.0,4,5.0,1956,0.212515361,B,B,19,3293,16,12312,3,7,B
199,10689,30,2.0,60.63064069467036,1231,1.0,8,17.0,1977,7.81528e-05,B,B,22,6398,141,12312,3,23,B
200,2053,8,3.0,61.50841382150825,1231,6.0,6,9.0,1967,0.43788524,B,B,23,5735,3,12312,0,5,B
201,16630,72,1.0,36.39286797362917,1231,7.0,6,9.0,1967,0.210473241,B,B,11,2398,2,12312,3,0,B
202,4985,23,2.0,63.02111913012411,1231,1.0,4,25.0,1977,0.075778755,B,B,6,1437,3,12312,0,2,B
203,13881,58,3.0,82.91116098794275,1231,9.0,15,14.0,1969,0.1489038909999999,B,B,9,1952,1,12312,3,2,B
204,13225,88,1.0,43.72039389751112,1231,0.0,18,0.0,1977,0.127375905,B,B,43,8429,3,12312,3,9,B
205,5779,23,1.0,31.841014398825717,1231,1.0,5,4.0,1977,0.034656082,B,B,0,168,0,12312,0,0,B
206,10262,27,2.0,69.19644016928157,1231,0.0,10,0.0,1977,0.017647053,B,B,2,469,0,12312,0,0,B
207,10762,55,3.0,63.051670598188274,1231,6.0,2,9.0,1973,0.012338886,B,B,35,5776,1,12312,2,4,B
208,9513,26,1.0,39.230346913798826,1231,7.0,9,17.0,2000,0.0,B,B,36,6714,2,12312,0,2,B
209,11128,21,2.0,42.20621681384596,1231,5.0,5,5.0,1963,0.034331497,B,B,25,5487,3,12312,0,4,B
210,2074,111,3.0,65.18352658134758,1231,7.0,6,12.0,1974,0.135649789,B,B,46,7960,6,12312,3,11,B
211,933,34,1.0,43.413672838653895,1231,1.0,14,22.0,1977,0.069753361,B,B,53,13670,4,12312,1,11,B
212,2780,27,2.0,70.09946487702874,1231,1.0,8,17.0,2019,0.072157581,B,B,2,629,1,12312,0,0,A
213,6594,23,2.0,53.148626936761005,1231,1.0,11,12.0,1977,0.034656082,B,B,0,168,0,12312,0,0,B
214,15394,67,2.0,70.83598477893811,1231,11.0,12,19.0,2014,0.0077202819999999,B,B,38,4788,2,12312,0,4,B
215,14863,58,1.0,35.12487250319834,1231,6.0,4,12.0,1981,0.43788524,B,B,23,5735,3,12312,0,5,B
216,6698,1,2.0,55.024440892987954,1231,9.0,4,17.0,1990,0.025609157,B,B,33,5261,0,12312,3,1,B
217,1611,86,3.0,59.90216083744568,1231,5.0,7,9.0,1974,0.161975568,B,A,31,7010,5,12312,3,7,B
218,174,7,2.0,43.02265758088557,1231,5.0,4,5.0,1969,0.035145267,B,B,42,9292,3,12312,0,3,B
219,5160,58,3.0,93.75628511517036,1231,1.0,2,3.0,1977,0.43788524,B,B,23,5735,3,12312,0,5,B
220,3295,69,2.0,63.85327468974365,1231,10.0,4,16.0,1982,0.093442564,B,B,23,4635,5,12312,2,4,B
221,4559,59,2.0,76.79291144844699,1231,0.0,17,0.0,1977,0.019508796,B,B,37,7687,11,12312,5,5,B
222,8254,29,2.0,45.69373945180306,1231,5.0,5,5.0,1964,0.086885265,B,B,10,2277,2,12312,0,0,B
223,10228,27,1.0,37.14267228959695,1231,1.0,3,15.0,2014,0.211401214,B,B,9,1892,0,12312,0,1,B
224,13924,9,1.0,41.26247404924529,1231,1.0,2,1.0,1977,0.161531741,B,B,25,5648,1,12312,2,4,B
225,15341,13,2.0,54.40969028447441,1231,9.0,11,18.0,1999,0.090799103,B,B,74,19083,2,12312,5,15,B
226,4353,1,2.0,56.20998399459898,1231,1.0,3,17.0,1977,0.007122317,B,B,1,264,0,12312,0,1,B
227,4334,23,1.0,31.27948592983815,1231,1.0,12,1.0,1977,0.034656082,B,B,0,168,0,12312,0,0,B
228,1872,30,2.0,52.44905662805961,1231,1.0,17,17.0,2016,7.81528e-05,B,B,22,6398,141,12312,3,23,B
229,7823,107,1.0,32.66437965834057,1231,5.0,10,9.0,1970,0.050272014,B,B,21,4231,14,12312,0,3,B
230,310,27,3.0,45.41135800046039,1231,0.0,18,25.0,1977,0.072157581,B,B,2,629,1,12312,0,0,A
231,3704,74,2.0,81.74242020435544,1231,1.0,7,24.0,1977,0.075778755,B,B,6,1437,3,12312,0,2,B
232,11615,24,1.0,61.367530072393855,1231,0.0,6,15.0,2016,0.111627393,B,B,50,12238,8,12312,2,3,B
233,6605,23,3.0,82.91245237864592,1231,1.0,25,25.0,1977,0.075778755,B,B,6,1437,3,12312,0,2,B
234,3381,9,2.0,54.62029016371064,1231,8.0,11,14.0,1990,0.136244425,B,B,11,2370,0,12312,0,1,B
235,2143,1,1.0,39.39922586463676,1231,1.0,15,17.0,1977,0.007122317,B,B,1,264,0,12312,0,1,B
236,3191,91,3.0,66.35462195018826,1231,9.0,8,12.0,1976,0.333891544,B,B,30,6564,1,12312,0,0,B
237,13980,6,1.0,40.88656986826595,1231,12.0,12,17.0,1977,0.243204519,B,B,5,1564,0,12312,0,0,B
238,15613,32,1.0,35.99883862933943,1231,5.0,2,5.0,1970,0.135649789,B,B,46,7960,6,12312,3,11,B
239,10943,172,3.0,61.19442057263379,1231,6.0,1,9.0,1967,0.0,B,B,7,1660,39,12312,1,5,B
240,9654,14,1.0,40.309552003105175,1231,10.0,1,3.0,2018,0.23861713,B,B,26,3889,6,12312,3,6,B
241,16053,17,4.0,168.72903451126422,1231,0.0,4,0.0,2013,0.093442564,B,B,23,4635,5,12312,2,4,B
242,14931,6,3.0,83.10978716958935,1231,12.0,5,17.0,1977,0.243204519,B,B,5,1564,0,12312,0,0,B
243,8299,77,3.0,65.20744811268364,1231,6.0,3,9.0,1976,6.99893e-05,B,B,46,10309,1,12312,1,16,B
244,2147,71,1.0,40.419643083277386,1231,8.0,3,14.0,1997,0.033493708,B,B,66,10573,1,12312,3,8,B
245,11567,0,3.0,108.85132541371472,1231,13.0,20,19.0,2012,0.006076152,B,B,30,5285,0,12312,6,6,B
246,5905,62,1.0,49.83759525972453,1231,1.0,6,1.0,1977,0.072157581,B,B,2,629,1,12312,0,0,A
247,11160,58,1.0,48.61066139896364,1231,1.0,4,3.0,1977,0.43788524,B,B,23,5735,3,12312,0,5,B
248,8275,1,1.0,44.80608996300601,1231,1.0,8,17.0,1977,0.007122317,B,B,1,264,0,12312,0,1,B
249,16398,100,1.0,55.51694428600491,1231,14.0,19,22.0,2012,0.200146802,B,B,23,3975,8,12312,2,0,B
250,11229,9,2.0,52.11544851572794,1231,8.0,2,14.0,1996,0.161531741,B,B,25,5648,1,12312,2,4,B
251,10309,66,1.0,32.64855007706279,1231,5.0,1,4.0,1963,0.111627393,B,B,50,12238,8,12312,2,3,B
252,7340,1,3.0,87.40219912451137,1231,1.0,8,17.0,1977,0.007122317,B,B,1,264,0,12312,0,1,B
253,7653,187,1.0,43.21462076509485,1231,8.0,7,9.0,2003,0.041116354,B,B,53,14892,4,12312,1,4,B
254,272,41,3.0,50.55302531149618,1231,6.0,3,9.0,1975,0.036122292,B,B,24,4378,0,12312,1,1,B
255,9831,62,3.0,55.68532164582656,1231,6.0,4,9.0,1980,0.037177818,B,B,52,11217,1,12312,1,7,B
256,5016,23,2.0,54.405583281236936,1231,9.0,10,17.0,2013,0.075778755,B,B,6,1437,3,12312,0,2,B
257,5968,23,1.0,28.57119049227769,1231,0.0,12,17.0,2014,0.034656082,B,B,0,168,0,12312,0,0,B
258,796,27,3.0,102.1100516978485,1231,10.0,13,17.0,2017,0.072157581,B,B,2,629,1,12312,0,0,A
259,12123,6,1.0,40.44583605566729,1231,9.0,10,17.0,2015,0.243204519,B,B,5,1564,0,12312,0,0,B
260,16629,151,1.0,32.11344868416979,1231,6.0,8,9.0,1976,0.236108458,B,B,16,3893,27,12312,3,10,B
261,2637,130,1.0,31.99949083273256,1231,5.0,7,9.0,1968,0.21843974,B,B,21,4472,6,12312,4,7,A
262,6194,56,1.0,40.102469685330966,1231,8.0,3,17.0,1986,0.0,B,B,23,5067,4,12312,2,6,B
263,6216,181,2.0,51.77749721731153,1231,8.0,3,10.0,1976,0.0,B,B,30,7538,87,12312,5,5,B
264,14346,83,1.0,42.5269143733054,1231,8.0,2,12.0,1979,0.0077202819999999,B,B,38,4788,2,12312,0,4,B
265,6428,9,1.0,43.03726374343479,1231,1.0,3,1.0,1977,0.161531741,B,B,25,5648,1,12312,2,4,B
266,2891,38,1.0,49.470746724515685,1231,1.0,10,12.0,1977,0.060753049,B,B,15,2787,2,12312,0,7,B
267,84,48,1.0,34.77677114839062,1231,5.0,4,9.0,1981,0.041124634,B,B,46,9515,5,12312,1,10,B
268,9260,90,2.0,49.989146851610286,1231,7.0,6,9.0,1968,0.246031548,B,A,22,3151,4,12312,3,3,B
269,15250,41,1.0,22.04987241651111,1231,3.0,9,9.0,1973,0.175054867,B,B,36,10055,3,12312,1,0,B
270,2348,128,1.0,47.51116715169837,1231,12.0,3,6.0,2002,0.0,B,B,27,4798,0,12312,2,8,B
271,10427,78,2.0,58.168290207890976,1231,11.0,10,22.0,2006,0.092290642,B,B,21,4346,2,12312,1,2,B
272,13230,74,2.0,84.50913807618316,1231,1.0,12,24.0,1977,0.075778755,B,B,6,1437,3,12312,0,2,B
273,1691,75,1.0,48.61249800445973,1231,1.0,11,1.0,2014,0.122090347,B,B,29,6566,7,12312,4,0,B
274,8803,6,1.0,42.8469749055384,1231,10.0,5,17.0,2013,0.243204519,B,B,5,1564,0,12312,0,0,B
275,5464,93,2.0,70.48011132680861,1231,12.0,9,17.0,2016,0.050900058,B,B,43,10621,1,12312,2,3,B
276,10559,27,1.0,42.06369692074535,1231,1.0,3,9.0,2016,0.011654127,B,B,4,915,0,12312,0,0,B
277,16787,55,3.0,78.68884818028438,1231,8.0,12,14.0,1989,0.041365446,B,B,31,5569,0,12312,1,4,B
278,4278,87,1.0,35.417576593896364,1231,6.0,2,9.0,1980,0.100455735,B,B,43,7227,0,12312,1,6,A
279,6183,21,2.0,46.56982036483815,1231,5.0,3,5.0,1964,0.194489265,B,B,47,8004,3,12312,3,5,B
280,12775,96,1.0,39.319723211685655,1231,8.0,3,14.0,2011,0.041116354,B,B,53,14892,4,12312,1,4,B
281,10104,83,1.0,39.3035014734394,1231,8.0,2,14.0,1986,0.0077202819999999,B,B,38,4788,2,12312,0,4,B
282,13663,93,2.0,52.52496336674217,1231,8.0,6,14.0,1988,0.521867054,B,B,25,6149,0,12312,0,0,B
283,9404,161,2.0,55.78481814562032,1231,9.0,18,17.0,1996,0.0006991189999999,B,B,14,3369,24,12312,0,3,B
284,14724,146,1.0,40.9583397249237,1231,8.0,9,16.0,1981,0.236108458,B,B,16,3893,27,12312,3,10,B
285,10040,62,2.0,66.29653135616107,1231,1.0,8,1.0,1977,0.072157581,B,B,2,629,1,12312,0,0,A
286,4646,6,2.0,72.2354862524815,1231,0.0,24,25.0,1977,0.243204519,B,B,5,1564,0,12312,0,0,B
287,4754,91,1.0,36.98344368452791,1231,7.0,7,9.0,1969,0.333891544,B,B,30,6564,1,12312,0,0,B
288,3310,6,3.0,84.62535038041838,1231,1.0,6,17.0,1977,0.243204519,B,B,5,1564,0,12312,0,0,B
289,2003,8,2.0,44.68368246434741,1231,5.0,4,9.0,1976,0.092290642,B,B,21,4346,2,12312,1,2,B
290,7312,95,1.0,33.39500300805287,1231,5.0,8,9.0,1968,0.0,B,B,7,1660,39,12312,1,5,B
291,10921,194,2.0,48.96912355782237,1231,5.0,7,9.0,1977,0.174739084,B,B,17,3379,9,12312,0,3,B
292,13419,46,3.0,66.50319055848914,1231,9.0,7,12.0,1970,0.188783766,B,B,31,6137,4,12312,0,1,B
293,10105,26,1.0,35.488663529452545,1231,6.0,4,9.0,1979,0.0,B,B,36,6714,2,12312,0,2,B
294,2196,52,4.0,104.63850975825298,1231,10.0,4,22.0,2005,0.371148999,B,B,34,7065,1,12312,2,5,B
295,12659,1,3.0,79.14588775543575,1231,1.0,15,17.0,1977,0.007122317,B,B,1,264,0,12312,0,1,B
296,4380,167,2.0,47.50735671561062,1231,5.0,4,9.0,1963,0.050272014,B,B,21,4231,14,12312,0,3,B
297,10847,23,2.0,54.99739958010335,1231,1.0,7,17.0,1977,0.075778755,B,B,6,1437,3,12312,0,2,B
298,10805,48,2.0,53.74609695008119,1231,8.0,12,16.0,1983,0.041124634,B,B,46,9515,5,12312,1,10,B
299,8709,23,2.0,42.1384571014617,1231,1.0,6,12.0,2013,0.034656082,B,B,0,168,0,12312,0,0,B
300,8319,6,2.0,63.86631065939285,1231,12.0,11,17.0,1977,0.243204519,B,B,5,1564,0,12312,0,0,B
301,2215,29,2.0,48.0454064451377,1231,5.0,3,5.0,1961,0.069660344,B,B,31,6119,4,12312,1,2,B
302,7000,72,2.0,40.19729495995903,1231,7.0,4,9.0,1964,0.210473241,B,B,11,2398,2,12312,3,0,B
303,7701,23,2.0,50.89174095036861,1231,0.0,3,3.0,2017,0.034656082,B,B,0,168,0,12312,0,0,B
304,9678,9,2.0,66.73969364046987,1231,10.0,10,17.0,2016,0.161531741,B,B,25,5648,1,12312,2,4,B
305,14026,71,2.0,63.947172783384296,1231,10.0,12,22.0,1985,0.407276235,A,B,9,1768,0,12312,0,0,A
306,7971,96,1.0,41.41709162075825,1231,7.0,8,10.0,1997,0.041116354,B,B,53,14892,4,12312,1,4,B
307,13734,1,1.0,46.16472014006946,1231,1.0,4,24.0,1977,0.007122317,B,B,1,264,0,12312,0,1,B
308,16483,29,2.0,47.361757564200175,1231,6.0,4,5.0,1960,0.040242764,B,B,25,3478,11,12312,3,1,B
309,6150,6,3.0,76.37955255988342,1231,1.0,17,17.0,1977,0.243204519,B,B,5,1564,0,12312,0,0,B
310,2931,48,3.0,62.80668159333022,1231,6.0,5,12.0,1980,0.041124634,B,B,46,9515,5,12312,1,10,B
311,5418,62,2.0,74.47362880928104,1231,1.0,10,17.0,1977,0.072157581,B,B,2,629,1,12312,0,0,A
312,1662,144,3.0,92.85091971636191,1231,12.0,10,17.0,2004,0.306977489,B,B,27,5148,14,12312,5,7,B
313,2441,6,3.0,78.41436101089539,1231,12.0,14,1.0,1977,0.243204519,B,B,5,1564,0,12312,0,0,B
314,669,7,1.0,23.681686946276727,1231,2.0,4,9.0,1971,0.130617806,B,B,39,10418,9,12312,1,9,B
315,7734,129,1.0,36.205640925640544,1231,9.0,11,12.0,1968,0.020741326,B,B,24,5613,5,12312,2,5,B
316,6010,72,2.0,63.29578675415534,1231,1.0,23,23.0,2019,0.210473241,B,B,11,2398,2,12312,3,0,B
317,266,27,1.0,46.71832081226327,1231,1.0,13,1.0,1977,0.072157581,B,B,2,629,1,12312,0,0,A
318,632,27,1.0,48.7603390908081,1231,1.0,7,17.0,1977,0.017647053,B,B,2,469,0,12312,0,0,B
319,16221,23,3.0,69.37112564270639,1231,1.0,3,3.0,1977,0.005767451,B,B,1,388,0,12312,0,0,B
320,11832,96,1.0,38.46842132454913,1231,8.0,9,17.0,1994,0.041116354,B,B,53,14892,4,12312,1,4,B
321,5035,62,1.0,50.25844244515483,1231,11.0,8,17.0,2011,0.072157581,B,B,2,629,1,12312,0,0,A
322,37,27,1.0,34.885401584351555,1231,1.0,23,25.0,1977,0.072157581,B,B,2,629,1,12312,0,0,A
323,6168,119,2.0,47.82746538271734,1231,5.0,3,5.0,1961,0.000995363,B,B,42,7651,1,12312,1,5,B
324,11757,29,2.0,46.832068409810894,1231,5.0,3,5.0,1964,0.069660344,B,B,31,6119,4,12312,1,2,B
325,8086,30,1.0,38.5997459509462,1231,1.0,12,17.0,1977,7.81528e-05,B,B,22,6398,141,12312,3,23,B
326,6529,85,3.0,56.33888054006959,1231,6.0,5,9.0,1978,0.037177818,B,B,52,11217,1,12312,1,7,B
327,15121,93,3.0,134.57317517035742,1231,1.0,3,2.0,1977,0.004949358,B,B,0,186,0,12312,0,0,B
328,13904,1,1.0,40.27829635724406,1231,1.0,18,17.0,1977,0.007122317,B,B,1,264,0,12312,0,1,B
329,3711,94,1.0,41.281057292665885,1231,10.0,13,13.0,2014,0.282797669,B,B,33,8667,2,12312,0,6,B
330,16563,52,1.0,40.70907357800896,1231,1.0,4,10.0,2015,0.371148999,B,B,34,7065,1,12312,2,5,B
331,14494,52,2.0,64.02780360967654,1231,0.0,9,17.0,1977,0.371148999,B,B,34,7065,1,12312,2,5,B
332,3006,66,2.0,48.32314250593068,1231,5.0,7,9.0,1971,0.111627393,B,B,50,12238,8,12312,2,3,B
333,15299,1,1.0,43.78871343674294,1231,1.0,11,1.0,1977,0.014580716,B,B,3,760,1,12312,0,0,B
334,92,21,3.0,70.42479628301454,1231,9.0,12,12.0,1971,0.194489265,B,B,47,8004,3,12312,3,5,B
335,8066,71,2.0,57.07741919206358,1231,8.0,12,12.0,1984,0.407276235,A,B,9,1768,0,12312,0,0,A
336,16071,1,2.0,64.94598971204098,1231,1.0,20,20.0,1977,0.007122317,B,B,1,264,0,12312,0,1,B
337,10662,29,1.0,25.956829229990177,1231,33.0,5,5.0,1973,0.069660344,B,B,31,6119,4,12312,1,2,B
338,3883,3,2.0,62.94609680973591,1231,10.0,17,17.0,1984,0.050900058,B,B,43,10621,1,12312,2,3,B
339,5511,52,1.0,42.06416016427535,1231,1.0,11,17.0,1977,0.371148999,B,B,34,7065,1,12312,2,5,B
340,2821,1,3.0,76.42629454513114,1231,10.0,12,17.0,1989,0.025609157,B,B,33,5261,0,12312,3,1,B
341,9570,129,1.0,39.55023422390107,1231,9.0,11,16.0,1979,0.460556389,B,B,20,4386,14,12312,1,5,B
342,4326,98,2.0,56.45080171444757,1231,9.0,1,16.0,1983,0.089039719,B,B,33,7976,5,12312,0,11,B
343,9251,1,3.0,81.98333868762508,1231,10.0,5,17.0,2018,0.007122317,B,B,1,264,0,12312,0,1,B
344,9031,92,2.0,39.34177050211407,1231,7.0,6,12.0,1972,0.460556389,B,B,20,4386,14,12312,1,5,B
345,12689,61,1.0,38.190813276343405,1231,10.0,14,25.0,2013,0.300322518,B,B,52,10311,6,12312,1,9,B
346,16380,45,3.0,58.26614402254408,1231,6.0,6,5.0,1961,0.014423114,B,B,19,3806,4,12312,0,3,B
347,1053,22,2.0,60.069781660583295,1231,9.0,16,16.0,2001,0.118537385,B,B,30,6207,1,12312,1,0,B
348,4568,54,2.0,42.77517622883904,1231,5.0,4,5.0,1966,0.006076152,B,B,30,5285,0,12312,6,6,B
349,16140,27,1.0,38.25155748222115,1231,1.0,16,17.0,1977,0.011654127,B,B,4,915,0,12312,0,0,B
350,14356,54,2.0,78.17621653251605,1231,1.0,10,8.0,2014,0.006076152,B,B,30,5285,0,12312,6,6,B
351,8466,6,2.0,66.27001382580022,1231,0.0,13,17.0,1977,0.243204519,B,B,5,1564,0,12312,0,0,B
352,15652,9,1.0,45.63248019399702,1231,8.0,10,14.0,1995,0.161531741,B,B,25,5648,1,12312,2,4,B
353,3285,27,1.0,37.36832905517467,1231,1.0,23,22.0,2017,0.072157581,B,B,2,629,1,12312,0,0,A
354,3198,47,1.0,35.71402869506629,1231,6.0,6,9.0,1978,6.99893e-05,B,B,46,10309,1,12312,1,16,B
355,14088,123,3.0,91.5990273608436,1231,11.0,4,8.0,2005,0.0,B,B,6,2733,0,12312,0,4,B
356,2268,58,1.0,39.9789439530899,1231,0.0,13,17.0,1977,0.43788524,B,B,23,5735,3,12312,0,5,B
357,15472,1,2.0,77.50671396453394,1231,12.0,3,22.0,1977,0.007122317,B,B,1,264,0,12312,0,1,B
358,1203,58,3.0,87.81555869297081,1231,0.0,9,7.0,1977,0.43788524,B,B,23,5735,3,12312,0,5,B
359,7157,78,3.0,79.45759445051031,1231,12.0,16,17.0,1977,0.092290642,B,B,21,4346,2,12312,1,2,B
360,6886,155,1.0,33.07777294208548,1231,7.0,7,12.0,1972,0.042307271,B,B,17,2810,9,12312,3,6,B
361,5083,46,3.0,61.4500959344176,1231,6.0,8,9.0,1967,0.0,B,B,47,11319,0,12312,3,5,B
362,7467,27,1.0,34.842188905195606,1231,0.0,22,25.0,1977,0.072157581,B,B,2,629,1,12312,0,0,A
363,14068,8,2.0,52.23639546342928,1231,8.0,7,16.0,1982,0.458174486,B,A,26,4439,1,12312,1,5,B
364,2080,99,2.0,48.13796454659416,1231,5.0,6,5.0,1969,0.033493708,B,B,66,10573,1,12312,3,8,B
365,10865,1,1.0,47.5997576081341,1231,1.0,24,24.0,1977,0.007122317,B,B,1,264,0,12312,0,1,B
366,13516,41,1.0,39.20497879964012,1231,9.0,8,12.0,1969,0.175054867,B,B,36,10055,3,12312,1,0,B
367,14150,2,2.0,48.10615813281211,1231,5.0,6,12.0,1971,0.130617806,B,B,39,10418,9,12312,1,9,B
368,7609,23,2.0,55.512596232854136,1231,10.0,5,20.0,1977,0.034656082,B,B,0,168,0,12312,0,0,B
369,2144,180,3.0,79.55452459458918,1231,7.0,4,4.0,1958,0.037316452,B,B,32,6748,93,12312,4,10,B
370,10357,124,2.0,43.13194505173272,1231,5.0,2,5.0,1963,0.16909109,B,B,19,3856,10,12312,2,5,B
371,2396,58,3.0,72.84706408391897,1231,9.0,12,14.0,1970,0.1489038909999999,B,B,9,1952,1,12312,3,2,B
372,1526,152,3.0,76.08277699746898,1231,6.0,3,5.0,1932,0.042031587,B,B,37,6856,84,12312,2,5,B
373,10890,11,2.0,57.16785372355168,1231,8.0,8,14.0,2006,0.0001696759999999,B,B,36,5992,0,12312,1,1,B
374,8638,25,5.0,120.33072670890957,1231,1.0,14,25.0,2016,0.069753361,B,B,53,13670,4,12312,1,11,B
375,6050,67,3.0,69.19386111623265,1231,6.0,3,12.0,1978,0.0077202819999999,B,B,38,4788,2,12312,0,4,B
376,7639,27,1.0,38.756506999921264,1231,1.0,7,1.0,1977,0.211401214,B,B,9,1892,0,12312,0,1,B
377,10544,105,1.0,39.39769472574144,1231,10.0,9,12.0,1968,0.040242764,B,B,25,3478,11,12312,3,1,B
378,9577,19,3.0,62.38250154525821,1231,5.0,9,9.0,1975,0.309479124,B,B,35,7715,4,12312,0,6,B
379,13195,6,3.0,80.52275360551849,1231,1.0,15,17.0,1977,0.243204519,B,B,5,1564,0,12312,0,0,B
380,3484,85,3.0,54.10038338989246,1231,6.0,7,9.0,1977,0.037177818,B,B,52,11217,1,12312,1,7,B
381,16668,34,3.0,118.44990576927172,1231,12.0,10,23.0,2013,0.069753361,B,B,53,13670,4,12312,1,11,B
382,7171,6,2.0,66.47630451043443,1231,12.0,2,17.0,1977,0.243204519,B,B,5,1564,0,12312,0,0,B
383,8547,8,2.0,54.47204579445031,1231,8.0,10,14.0,1990,0.458174486,B,A,26,4439,1,12312,1,5,B
384,12735,99,2.0,54.48433771439975,1231,9.0,3,12.0,1976,0.033493708,B,B,66,10573,1,12312,3,8,B
385,9093,26,2.0,45.72973678818752,1231,5.0,4,5.0,1965,0.0,B,B,36,6714,2,12312,0,2,B
386,15323,131,2.0,49.957746482178536,1231,7.0,10,9.0,1964,0.0,B,B,23,3684,2,12312,0,4,B
387,14897,3,1.0,33.25521536544214,1231,6.0,8,9.0,1973,0.050900058,B,B,43,10621,1,12312,2,3,B
388,5135,30,1.0,43.144340569177466,1231,1.0,12,22.0,2016,7.81528e-05,B,B,22,6398,141,12312,3,23,B
389,5327,61,3.0,53.55645241319836,1231,6.0,5,9.0,1976,0.300322518,B,B,52,10311,6,12312,1,9,B
390,13133,61,3.0,64.6180322495841,1231,6.0,7,9.0,1969,0.298204575,B,B,16,4048,3,12312,1,3,B
391,1676,17,2.0,55.298609010628574,1231,9.0,14,16.0,1981,0.0,B,B,18,3374,5,12312,1,2,B
392,16296,53,2.0,62.66202403154612,1231,10.0,19,24.0,2019,0.049637257,B,B,34,7759,0,12312,1,3,B
393,1095,27,2.0,57.60356358302562,1231,1.0,7,12.0,2017,0.011654127,B,B,4,915,0,12312,0,0,B
394,12528,21,1.0,36.95716462088589,1231,6.0,5,6.0,1962,0.034331497,B,B,25,5487,3,12312,0,4,B
395,7348,53,2.0,58.06402060019615,1231,1.0,8,19.0,2017,0.049637257,B,B,34,7759,0,12312,1,3,B
396,11663,42,1.0,40.048098831463406,1231,7.0,10,17.0,2006,0.158249043,B,B,21,5731,0,12312,1,0,B
397,1803,124,2.0,48.17357555694321,1231,5.0,4,5.0,1968,0.122090347,B,B,29,6566,7,12312,4,0,B
398,1510,88,3.0,62.36754608180144,1231,5.0,9,9.0,1974,0.127375905,B,B,43,8429,3,12312,3,9,B
399,16045,27,2.0,63.69700999017743,1231,10.0,14,17.0,2016,0.072157581,B,B,2,629,1,12312,0,0,A
400,2900,29,1.0,34.24579070797954,1231,5.0,5,5.0,1966,0.069660344,B,B,31,6119,4,12312,1,2,B
401,3236,57,2.0,43.7482851680293,1231,5.0,4,5.0,1970,0.133215333,B,B,49,11395,3,12312,3,4,A
402,1318,161,2.0,63.05582280028228,1231,10.0,18,20.0,2013,0.0006991189999999,B,B,14,3369,24,12312,0,3,B
403,14948,83,2.0,49.91011626009344,1231,9.0,3,12.0,1978,0.0077202819999999,B,B,38,4788,2,12312,0,4,B
404,7840,46,3.0,77.54370827287322,1231,9.0,4,4.0,1962,0.188783766,B,B,31,6137,4,12312,0,1,B
405,15325,9,2.0,62.67879962748225,1231,1.0,4,1.0,1977,0.161531741,B,B,25,5648,1,12312,2,4,B
406,8700,23,1.0,77.60832784588018,1231,15.0,3,3.0,2011,0.014072961,B,B,2,475,0,12312,0,0,B
407,15706,94,2.0,47.77648526958697,1231,6.0,8,9.0,1970,0.282797669,B,B,33,8667,2,12312,0,6,B
408,14449,25,1.0,32.93847268320188,1231,7.0,15,17.0,2016,0.069753361,B,B,53,13670,4,12312,1,11,B
409,16117,30,2.0,60.33083492716742,1231,1.0,24,22.0,1977,7.81528e-05,B,B,22,6398,141,12312,3,23,B
410,4529,101,1.0,39.14986638842559,1231,8.0,11,17.0,1988,0.225824954,A,B,41,6558,7,12312,3,2,B
411,11199,41,2.0,48.10559143801014,1231,5.0,7,9.0,1971,0.175054867,B,B,36,10055,3,12312,1,0,B
412,4052,1,3.0,121.54187995608162,1231,0.0,9,0.0,1977,0.007122317,B,B,1,264,0,12312,0,1,B
413,821,46,2.0,47.57343923240528,1231,6.0,9,9.0,1971,0.0,B,B,47,11319,0,12312,3,5,B
414,68,42,2.0,67.07601253142803,1231,11.0,16,24.0,2007,0.158249043,B,B,21,5731,0,12312,1,0,B
415,554,62,1.0,45.13309684365087,1231,11.0,4,17.0,2016,0.072157581,B,B,2,629,1,12312,0,0,A
416,452,75,1.0,38.68291749898939,1231,10.0,16,16.0,1988,0.307466659,B,A,30,5048,9,12312,2,5,B
417,11394,70,3.0,63.25953830338325,1231,7.0,12,14.0,1997,0.002211665,B,B,39,7614,3,12312,1,5,A
418,11393,27,2.0,57.635228337567256,1231,10.0,13,16.0,2005,0.07542368,B,B,11,3097,0,12312,0,0,B
419,9535,1,1.0,48.46091242243136,1231,0.0,13,0.0,1977,0.007122317,B,B,1,264,0,12312,0,1,B
420,4024,83,1.0,39.99037017279849,1231,8.0,15,17.0,1987,0.0077202819999999,B,B,38,4788,2,12312,0,4,B
421,10069,85,3.0,53.375987529508144,1231,6.0,10,9.0,1977,0.037177818,B,B,52,11217,1,12312,1,7,B
422,12007,29,1.0,38.2003208965624,1231,5.0,5,5.0,1967,0.069660344,B,B,31,6119,4,12312,1,2,B
423,12368,64,2.0,74.20020713519506,1231,11.0,11,24.0,2003,0.135649789,B,B,46,7960,6,12312,3,11,B
424,1259,53,3.0,81.31059858010299,1231,1.0,20,18.0,2017,0.049637257,B,B,34,7759,0,12312,1,3,B
425,1124,7,3.0,65.12647573915594,1231,8.0,9,12.0,1985,0.035145267,B,B,42,9292,3,12312,0,3,B
426,3707,11,2.0,46.26614120182139,1231,6.0,3,9.0,1973,0.012338886,B,B,35,5776,1,12312,2,4,B
427,8767,84,1.0,35.90736772042512,1231,9.0,9,12.0,1967,0.006076152,B,B,30,5285,0,12312,6,6,B
428,1919,11,1.0,35.247786008690774,1231,10.0,12,12.0,1971,0.038692987,B,B,28,6533,1,12312,2,5,B
429,16741,99,1.0,38.445139225327495,1231,6.0,8,9.0,1976,0.012338886,B,B,35,5776,1,12312,2,4,B
430,6664,53,2.0,59.45105344064522,1231,10.0,10,24.0,2018,0.049637257,B,B,34,7759,0,12312,1,3,B
431,5688,45,2.0,73.10887638981626,1231,1.0,8,17.0,2014,0.195781053,B,B,23,5212,6,12312,3,2,B
432,7799,3,1.0,36.93082261471204,1231,9.0,1,12.0,1971,0.265088676,B,B,37,5288,0,12312,3,2,B
433,14843,135,3.0,61.07575428227001,1231,5.0,5,9.0,1972,0.007658515,B,B,35,7077,56,12312,3,19,B
434,7532,9,2.0,47.91777171886911,1231,8.0,4,14.0,2010,0.13012277,B,B,8,1986,0,12312,0,0,B
435,8133,1,1.0,49.620649680846405,1231,1.0,10,24.0,1977,0.007122317,B,B,1,264,0,12312,0,1,B
436,6264,47,3.0,79.99332884871649,1231,10.0,3,16.0,1980,0.101872465,B,B,23,4583,3,12312,3,3,B
437,4125,94,1.0,43.42743611424306,1231,7.0,12,17.0,2006,0.521867054,B,B,25,6149,0,12312,0,0,B
438,2410,99,2.0,46.84290607335274,1231,5.0,5,5.0,1968,0.033493708,B,B,66,10573,1,12312,3,8,B
439,13607,62,3.0,83.00387547741258,1231,0.0,12,0.0,1977,0.072157581,B,B,2,629,1,12312,0,0,A
440,1716,57,2.0,62.474911979601096,1231,10.0,20,22.0,2001,0.090799103,B,B,74,19083,2,12312,5,15,B
441,1370,1,1.0,44.373134790122535,1231,10.0,4,20.0,1977,0.007122317,B,B,1,264,0,12312,0,1,B
442,2273,37,3.0,81.26409040417501,1231,12.0,8,17.0,2002,0.178916796,B,B,18,3594,4,12312,1,5,B
443,15298,13,3.0,77.8673057881528,1231,10.0,17,17.0,2000,0.090799103,B,B,74,19083,2,12312,5,15,B
444,4284,171,2.0,48.93911849223606,1231,6.0,7,9.0,1968,0.019508796,B,B,37,7687,11,12312,5,5,B
445,12303,27,2.0,62.42918553395689,1231,0.0,14,19.0,1977,0.211401214,B,B,9,1892,0,12312,0,1,B
446,7808,8,1.0,30.53997286082909,1231,5.0,1,5.0,1967,0.458174486,B,A,26,4439,1,12312,1,5,B
447,2203,27,1.0,51.23600370481699,1231,0.0,10,0.0,1977,0.072157581,B,B,2,629,1,12312,0,0,A
448,7237,27,1.0,44.85071141605377,1231,1.0,7,17.0,1977,0.072157581,B,B,2,629,1,12312,0,0,A
449,15864,27,3.0,47.72283507314865,1231,9.0,18,99.0,1977,0.072157581,B,B,2,629,1,12312,0,0,A
450,2844,1,2.0,64.78505452410977,1231,12.0,7,17.0,2014,0.007122317,B,B,1,264,0,12312,0,1,B
451,5729,124,1.0,33.68030681079079,1231,5.0,5,5.0,1959,0.16909109,B,B,19,3856,10,12312,2,5,B
452,11812,65,2.0,64.06314855146861,1231,7.0,3,8.0,1958,0.081943463,B,B,20,2738,20,12312,1,4,B
453,1779,29,1.0,43.610767135670784,1231,9.0,7,17.0,2014,0.069660344,B,B,31,6119,4,12312,1,2,B
454,6442,27,2.0,58.16510552935325,1231,1.0,6,19.0,2018,0.211401214,B,B,9,1892,0,12312,0,1,B
455,6160,31,2.0,44.7276568549029,1231,5.0,5,9.0,1974,0.151346216,B,A,32,5889,10,12312,4,1,B
456,8266,86,2.0,44.43695831883751,1231,5.0,4,5.0,1964,0.161975568,B,A,31,7010,5,12312,3,7,B
457,9903,67,1.0,34.65381300459845,1231,6.0,7,9.0,1976,0.0077202819999999,B,B,38,4788,2,12312,0,4,B
458,2867,27,1.0,47.98972723597618,1231,1.0,4,12.0,1977,0.072157581,B,B,2,629,1,12312,0,0,A
459,6998,6,2.0,65.23507155845282,1231,13.0,9,17.0,2015,0.243204519,B,B,5,1564,0,12312,0,0,B
460,13932,23,2.0,66.93512594874889,1231,1.0,17,17.0,1977,0.075778755,B,B,6,1437,3,12312,0,2,B
461,12587,74,1.0,53.16769295935893,1231,1.0,4,17.0,1977,0.075778755,B,B,6,1437,3,12312,0,2,B
462,3611,11,2.0,61.701766797547656,1231,11.0,3,10.0,2009,0.0001696759999999,B,B,36,5992,0,12312,1,1,B
463,2646,61,3.0,66.69189983744225,1231,9.0,13,12.0,1965,0.300322518,B,B,52,10311,6,12312,1,9,B
464,1890,42,1.0,41.99188404861415,1231,8.0,6,9.0,2006,0.158249043,B,B,21,5731,0,12312,1,0,B
465,860,47,2.0,55.70165982072006,1231,9.0,10,17.0,2002,6.99893e-05,B,B,46,10309,1,12312,1,16,B
466,14187,111,2.0,49.3468313232864,1231,5.0,4,5.0,1966,0.0,B,B,36,6714,2,12312,0,2,B
467,12569,75,2.0,59.110119894801,1231,10.0,6,17.0,1999,0.122090347,B,B,29,6566,7,12312,4,0,B
468,1276,23,2.0,54.49141735103138,1231,1.0,5,3.0,2020,0.005767451,B,B,1,388,0,12312,0,0,B
469,12025,45,1.0,39.35389753557517,1231,1.0,17,1.0,1977,0.195781053,B,B,23,5212,6,12312,3,2,B
470,4890,25,2.0,84.39816716402783,1231,16.0,14,25.0,2012,0.069753361,B,B,53,13670,4,12312,1,11,B
471,14410,167,2.0,57.906996484887685,1231,6.0,8,6.0,1941,0.050272014,B,B,21,4231,14,12312,0,3,B
472,10352,73,3.0,68.97055564689411,1231,7.0,5,5.0,1928,0.042031587,B,B,37,6856,84,12312,2,5,B
473,11407,79,4.0,37.92034786532114,1231,6.0,6,17.0,2014,0.307466659,B,A,30,5048,9,12312,2,5,B
474,10384,15,1.0,41.96975267776488,1231,7.0,10,14.0,2006,0.158249043,B,B,21,5731,0,12312,1,0,B
475,7622,107,2.0,60.91875982885984,1231,8.0,22,23.0,2011,0.050272014,B,B,21,4231,14,12312,0,3,B
476,12578,23,2.0,65.27726764082085,1231,1.0,3,17.0,1977,0.075778755,B,B,6,1437,3,12312,0,2,B
477,15820,88,1.0,37.013953758888896,1231,9.0,9,9.0,1976,0.127375905,B,B,43,8429,3,12312,3,9,B
478,563,1,2.0,66.92279301582506,1231,1.0,4,17.0,1977,0.007122317,B,B,1,264,0,12312,0,1,B
479,15226,87,1.0,36.23750837439579,1231,6.0,7,9.0,1982,0.100455735,B,B,43,7227,0,12312,1,6,A
480,6396,6,3.0,80.74638250523624,1231,1.0,12,17.0,1977,0.243204519,B,B,5,1564,0,12312,0,0,B
481,6247,1,1.0,42.25608207214832,1231,1.0,18,17.0,1977,0.007122317,B,B,1,264,0,12312,0,1,B
482,3339,83,1.0,34.43762490374195,1231,6.0,8,9.0,1977,0.0077202819999999,B,B,38,4788,2,12312,0,4,B
483,10975,118,2.0,59.111711460305386,1231,8.0,8,10.0,1959,0.21843974,B,B,21,4472,6,12312,4,7,A
484,7475,23,2.0,54.66495853159483,1231,1.0,5,12.0,1977,0.034656082,B,B,0,168,0,12312,0,0,B
485,11129,208,1.0,32.770108538675885,1231,5.0,4,5.0,1961,0.042031587,B,B,37,6856,84,12312,2,5,B
486,3051,111,3.0,63.56229648978121,1231,5.0,5,5.0,1962,0.1363303,B,B,30,6141,10,12312,3,6,B
487,10232,84,2.0,57.684784743353575,1231,8.0,1,5.0,1956,0.006076152,B,B,30,5285,0,12312,6,6,B
488,14106,6,2.0,67.93371378171004,1231,12.0,11,17.0,1977,0.243204519,B,B,5,1564,0,12312,0,0,B
489,5502,32,2.0,48.1938974168817,1231,6.0,5,14.0,1972,0.135649789,B,B,46,7960,6,12312,3,11,B
490,4558,23,1.0,32.00855803327691,1231,1.0,9,17.0,2017,0.034656082,B,B,0,168,0,12312,0,0,B
491,4181,27,2.0,53.96810277468793,1231,0.0,13,0.0,1977,0.011654127,B,B,4,915,0,12312,0,0,B
492,8426,6,1.0,40.14086134006104,1231,1.0,15,17.0,1977,0.243204519,B,B,5,1564,0,12312,0,0,B
493,6611,99,2.0,44.59432542019106,1231,5.0,1,9.0,1969,0.033493708,B,B,66,10573,1,12312,3,8,B
494,14641,27,2.0,60.56476624780491,1231,9.0,13,19.0,2018,0.211401214,B,B,9,1892,0,12312,0,1,B
495,15539,1,3.0,85.63792007296574,1231,1.0,10,20.0,1977,0.007122317,B,B,1,264,0,12312,0,1,B
496,13119,1,2.0,45.77306981964009,1231,5.0,6,5.0,1977,0.014580716,B,B,3,760,1,12312,0,0,B
497,11716,44,1.0,38.68680813074875,1231,7.0,4,14.0,2005,0.232205084,B,B,24,4860,1,12312,0,3,B
498,7316,61,2.0,51.57892990741471,1231,8.0,13,17.0,1989,0.300322518,B,B,52,10311,6,12312,1,9,B
499,7791,27,1.0,44.8825434362783,1231,0.0,18,0.0,1977,0.211401214,B,B,9,1892,0,12312,0,1,B
500,13034,57,3.0,76.10348010201874,1231,10.0,8,14.0,2003,0.090799103,B,B,74,19083,2,12312,5,15,B
501,1068,8,3.0,74.65045894705932,1231,9.0,9,14.0,1977,0.458174486,B,A,26,4439,1,12312,1,5,B
502,4060,21,2.0,40.30206377940132,1231,6.0,14,12.0,1967,0.194489265,B,B,47,8004,3,12312,3,5,B
503,10172,49,2.0,46.10762482243888,1231,5.0,8,9.0,1971,0.020741326,B,B,24,5613,5,12312,2,5,B
504,2591,39,2.0,44.20359188369447,1231,6.0,10,9.0,1972,0.428825818,B,B,25,5011,8,12312,0,2,B
505,12494,57,3.0,82.19384007275632,1231,13.0,12,17.0,2000,0.090799103,B,B,74,19083,2,12312,5,15,B
506,7828,73,2.0,64.8434123219766,1231,12.0,5,5.0,1977,0.042031587,B,B,37,6856,84,12312,2,5,B
507,15284,17,1.0,35.943567788099706,1231,5.0,3,5.0,1963,0.0,B,B,18,3374,5,12312,1,2,B
508,7947,138,1.0,33.63414580341874,1231,4.0,8,8.0,1964,0.313924552,B,B,22,4625,11,12312,2,10,B
509,16335,100,2.0,44.45974833505619,1231,5.0,8,9.0,1968,0.200146802,B,B,23,3975,8,12312,2,0,B
510,10234,85,3.0,75.21996279540963,1231,10.0,11,16.0,1983,0.037177818,B,B,52,11217,1,12312,1,7,B
511,2797,67,3.0,66.82232441471817,1231,7.0,5,12.0,1978,0.100455735,B,B,43,7227,0,12312,1,6,A
512,5341,37,3.0,60.95800242188577,1231,6.0,5,9.0,1973,0.127811589,B,B,28,7287,5,12312,1,3,B
513,3059,61,2.0,62.006502374981,1231,10.0,16,25.0,2012,0.300322518,B,B,52,10311,6,12312,1,9,B
514,1559,23,1.0,31.34243276966709,1231,1.0,7,1.0,1977,0.034656082,B,B,0,168,0,12312,0,0,B
515,15320,13,2.0,59.07511816936138,1231,10.0,14,22.0,2001,0.133215333,B,B,49,11395,3,12312,3,4,A
516,10284,147,3.0,71.17908267917215,1231,9.0,12,14.0,1974,0.319809354,B,B,25,4756,16,12312,5,8,B
517,4134,9,3.0,66.99652234085981,1231,8.0,6,12.0,1980,0.136244425,B,B,11,2370,0,12312,0,1,B
518,4481,1,3.0,82.64904012248999,1231,11.0,5,18.0,2016,0.007122317,B,B,1,264,0,12312,0,1,B
519,7222,62,2.0,73.94376825257649,1231,13.0,11,17.0,2014,0.072157581,B,B,2,629,1,12312,0,0,A
520,4062,167,1.0,45.87005337104834,1231,12.0,10,12.0,1978,0.050272014,B,B,21,4231,14,12312,0,3,B
521,2192,27,1.0,83.35337853700794,1231,1.0,14,1.0,1977,0.017647053,B,B,2,469,0,12312,0,0,B
522,9637,27,2.0,76.22842921136498,1231,1.0,7,15.0,1977,0.072157581,B,B,2,629,1,12312,0,0,A
523,16236,94,1.0,45.79468156462576,1231,7.0,16,17.0,2001,0.521867054,B,B,25,6149,0,12312,0,0,B
524,4272,41,1.0,35.594601784206745,1231,6.0,5,9.0,1977,6.99893e-05,B,B,46,10309,1,12312,1,16,B
525,9406,34,2.0,64.6021863281613,1231,10.0,23,25.0,2019,0.069753361,B,B,53,13670,4,12312,1,11,B
526,14309,85,3.0,59.230430086244205,1231,6.0,7,9.0,1979,0.037177818,B,B,52,11217,1,12312,1,7,B
527,1946,55,3.0,76.99346766547983,1231,10.0,6,14.0,1998,0.041365446,B,B,31,5569,0,12312,1,4,B
528,16235,55,2.0,56.567460574005366,1231,9.0,16,17.0,1998,0.041365446,B,B,31,5569,0,12312,1,4,B
529,7146,37,1.0,34.74905631977109,1231,8.0,3,14.0,1974,0.127811589,B,B,28,7287,5,12312,1,3,B
530,16784,34,2.0,53.34322005442467,1231,8.0,1,14.0,1993,0.069753361,B,B,53,13670,4,12312,1,11,B
531,349,34,3.0,88.13665051058642,1231,10.0,12,25.0,2016,0.069753361,B,B,53,13670,4,12312,1,11,B
532,6251,18,1.0,43.74482957400734,1231,8.0,4,14.0,1988,0.0,B,B,30,5562,0,12312,0,5,A
533,5128,66,3.0,76.99803337561625,1231,8.0,3,5.0,1961,0.161975568,B,A,31,7010,5,12312,3,7,B
534,11718,1,2.0,55.34059302453474,1231,1.0,8,17.0,1977,0.007122317,B,B,1,264,0,12312,0,1,B
535,16721,23,2.0,53.71487366849416,1231,0.0,3,1.0,1977,0.005767451,B,B,1,388,0,12312,0,0,B
536,12517,25,2.0,52.45718812853449,1231,8.0,3,14.0,1994,0.069753361,B,B,53,13670,4,12312,1,11,B
537,15961,2,2.0,46.58879978093204,1231,5.0,6,5.0,1969,0.309479124,B,B,35,7715,4,12312,0,6,B
538,9428,80,1.0,36.54107365097619,1231,6.0,1,9.0,1979,0.0,B,B,39,8647,0,12312,0,5,B
539,14541,3,1.0,36.02730852083676,1231,5.0,7,5.0,1970,0.265088676,B,B,37,5288,0,12312,3,2,B
540,10168,58,1.0,52.11562251563713,1231,0.0,8,9.0,1977,0.43788524,B,B,23,5735,3,12312,0,5,B
541,11270,33,1.0,34.000645903387024,1231,0.0,15,14.0,1977,0.236108458,B,B,16,3893,27,12312,3,10,B
542,13210,93,2.0,65.97604034541183,1231,10.0,7,24.0,2013,0.050900058,B,B,43,10621,1,12312,2,3,B
543,11518,23,2.0,64.39343125239743,1231,1.0,6,17.0,1977,0.075778755,B,B,6,1437,3,12312,0,2,B
544,12612,27,2.0,60.98849587283957,1231,60.0,5,17.0,2013,0.072157581,B,B,2,629,1,12312,0,0,A
545,16352,23,2.0,56.06537189019497,1231,1.0,6,17.0,2015,0.034656082,B,B,0,168,0,12312,0,0,B
546,9935,27,2.0,42.25201301780088,1231,10.0,15,17.0,2018,0.072157581,B,B,2,629,1,12312,0,0,A
547,15521,72,3.0,67.61670453550299,1231,8.0,9,9.0,1977,0.210473241,B,B,11,2398,2,12312,3,0,B
548,11482,8,2.0,47.78468689733569,1231,6.0,2,9.0,1982,0.219006007,B,B,28,6746,3,12312,1,4,B
549,11443,130,1.0,32.9883493774982,1231,7.0,7,9.0,1963,0.341071945,B,B,27,5664,48,12312,3,11,B
550,9459,187,2.0,54.26243479804574,1231,11.0,13,14.0,2001,0.041116354,B,B,53,14892,4,12312,1,4,B
551,9218,120,1.0,28.98265525429592,1231,6.0,2,8.0,1962,0.341071945,B,B,27,5664,48,12312,3,11,B
552,854,58,1.0,42.38566594463822,1231,9.0,9,10.0,2008,0.1489038909999999,B,B,9,1952,1,12312,3,2,B
553,5619,30,1.0,45.5497533000315,1231,1.0,9,9.0,1977,7.81528e-05,B,B,22,6398,141,12312,3,23,B
554,9208,109,1.0,33.6246564708438,1231,5.0,6,9.0,1966,0.1363303,B,B,30,6141,10,12312,3,6,B
555,4391,27,2.0,40.0254905290089,1231,10.0,8,12.0,2016,0.072157581,B,B,2,629,1,12312,0,0,A
556,15207,62,1.0,37.676875099089,1231,6.0,2,9.0,1973,0.002211665,B,B,39,7614,3,12312,1,5,A
557,7183,6,2.0,67.4670968043629,1231,1.0,7,17.0,1977,0.243204519,B,B,5,1564,0,12312,0,0,B
558,16442,6,3.0,82.92660486927781,1231,0.0,8,17.0,1977,0.243204519,B,B,5,1564,0,12312,0,0,B
559,7936,23,1.0,42.433915431779496,1231,9.0,3,17.0,2015,0.034656082,B,B,0,168,0,12312,0,0,B
560,10606,107,2.0,76.80042051888431,1231,8.0,4,5.0,1935,0.174739084,B,B,17,3379,9,12312,0,3,B
561,4979,44,1.0,32.99127328274289,1231,5.0,9,9.0,1963,0.232205084,B,B,24,4860,1,12312,0,3,B
562,4854,7,2.0,60.69826501126976,1231,8.0,19,22.0,2009,0.035145267,B,B,42,9292,3,12312,0,3,B
563,16476,27,1.0,43.66506246962548,1231,1.0,6,1.0,1977,0.072157581,B,B,2,629,1,12312,0,0,A
564,10516,113,1.0,34.94243719675503,1231,6.0,2,9.0,1972,0.050755569,B,B,24,5469,1,12312,0,1,B
565,16261,62,4.0,66.52151027227471,1231,5.0,8,9.0,1976,0.002211665,B,B,39,7614,3,12312,1,5,A
566,90,51,3.0,75.40175367063244,1231,4.0,2,6.0,1931,0.015016892,B,B,17,3079,59,12312,0,8,B
567,5433,55,1.0,41.868942179032935,1231,8.0,14,14.0,1999,0.041365446,B,B,31,5569,0,12312,1,4,B
568,14338,27,1.0,48.15957100067676,1231,1.0,3,1.0,1977,0.072157581,B,B,2,629,1,12312,0,0,A
569,13487,30,3.0,80.36115318461856,1231,1.0,14,17.0,1977,7.81528e-05,B,B,22,6398,141,12312,3,23,B
570,8211,48,3.0,98.29220513606737,1231,1.0,11,1.0,2017,0.041124634,B,B,46,9515,5,12312,1,10,B
571,170,6,2.0,2.900585619683484,1231,1.0,18,17.0,2014,0.243204519,B,B,5,1564,0,12312,0,0,B
572,14051,27,1.0,41.79470646831631,1231,1.0,16,19.0,1977,0.211401214,B,B,9,1892,0,12312,0,1,B
573,10686,40,2.0,49.63912673136277,1231,5.0,6,5.0,1962,0.210473241,B,B,11,2398,2,12312,3,0,B
574,7595,28,2.0,66.51211234971221,1231,10.0,9,23.0,2009,0.333891544,B,B,30,6564,1,12312,0,0,B
575,6777,5,3.0,100.54667051636532,1231,12.0,15,17.0,2019,0.150817539,B,B,16,3433,4,12312,4,5,B
576,14661,27,2.0,67.47021920374242,1231,1.0,5,1.0,1977,0.017647053,B,B,2,469,0,12312,0,0,B
577,13991,22,3.0,74.84868812363966,1231,10.0,16,17.0,1989,0.133215333,B,B,49,11395,3,12312,3,4,A
578,16795,3,2.0,42.36696712761096,1231,5.0,4,5.0,1968,0.265088676,B,B,37,5288,0,12312,3,2,B
579,2740,27,1.0,45.07973134965165,1231,10.0,15,17.0,2015,0.072157581,B,B,2,629,1,12312,0,0,A
580,7368,73,2.0,57.44144338048883,1231,8.0,8,8.0,1963,0.042031587,B,B,37,6856,84,12312,2,5,B
581,2413,12,2.0,58.42616851253392,1231,9.0,7,17.0,1993,0.090799103,B,B,74,19083,2,12312,5,15,B
582,1852,59,3.0,100.46240725809608,1231,0.0,21,20.0,2015,0.019508796,B,B,37,7687,11,12312,5,5,B
583,15200,101,4.0,101.4372323413303,1231,8.0,4,5.0,1960,0.225824954,A,B,41,6558,7,12312,3,2,B
584,8467,8,3.0,74.48213386679768,1231,9.0,16,17.0,1986,0.092290642,B,B,21,4346,2,12312,1,2,B
585,16379,168,2.0,55.02318114508318,1231,7.0,2,5.0,1926,0.341071945,B,B,27,5664,48,12312,3,11,B
586,3375,9,2.0,61.79563588516488,1231,1.0,4,1.0,1977,0.161531741,B,B,25,5648,1,12312,2,4,B
587,5945,20,3.0,105.67805518215654,1231,14.0,13,17.0,2012,0.019508796,B,B,37,7687,11,12312,5,5,B
588,2641,30,2.0,68.68285775864122,1231,1.0,12,12.0,2016,7.81528e-05,B,B,22,6398,141,12312,3,23,B
589,2837,77,3.0,82.95303847725529,1231,8.0,3,12.0,1982,6.99893e-05,B,B,46,10309,1,12312,1,16,B
590,3498,61,3.0,55.90176333745461,1231,6.0,1,9.0,1978,0.300322518,B,B,52,10311,6,12312,1,9,B
591,10876,27,1.0,43.02532858439736,1231,8.0,7,10.0,2010,0.041116354,B,B,53,14892,4,12312,1,4,B
592,1285,5,2.0,47.9609512184439,1231,5.0,6,12.0,1977,0.150817539,B,B,16,3433,4,12312,4,5,B
593,9285,74,2.0,75.45352967383243,1231,1.0,5,17.0,1977,0.075778755,B,B,6,1437,3,12312,0,2,B
594,4015,34,3.0,83.47455489160984,1231,8.0,4,12.0,2000,0.069753361,B,B,53,13670,4,12312,1,11,B
595,2526,28,1.0,44.97697542948097,1231,8.0,4,14.0,1990,0.118537385,B,B,30,6207,1,12312,1,0,B
596,7814,139,1.0,43.30422228702753,1231,8.0,10,9.0,2006,0.122090347,B,B,29,6566,7,12312,4,0,B
597,7117,115,2.0,49.93497480720345,1231,8.0,3,12.0,1969,1.8e-09,B,B,16,3681,73,12312,2,5,B
598,12359,27,1.0,46.75054924559153,1231,0.0,16,0.0,1977,0.211401214,B,B,9,1892,0,12312,0,1,B
599,3303,74,2.0,80.52475085302316,1231,0.0,5,0.0,1977,0.309479124,B,B,35,7715,4,12312,0,6,B
600,13874,94,2.0,48.68620039967849,1231,6.0,10,12.0,1975,0.521867054,B,B,25,6149,0,12312,0,0,B
601,5484,88,1.0,41.49390098645369,1231,1.0,18,17.0,1977,0.127375905,B,B,43,8429,3,12312,3,9,B
602,15067,1,1.0,39.475796536491,1231,8.0,12,17.0,1992,0.025609157,B,B,33,5261,0,12312,3,1,B
603,12639,32,2.0,46.44711483505979,1231,6.0,4,9.0,1972,0.135649789,B,B,46,7960,6,12312,3,11,B
604,3388,85,3.0,62.3049018403119,1231,6.0,8,9.0,1979,0.037177818,B,B,52,11217,1,12312,1,7,B
605,4256,53,1.0,41.42639923761112,1231,8.0,15,16.0,1981,0.049637257,B,B,34,7759,0,12312,1,3,B
606,15738,129,1.0,42.76529160153119,1231,8.0,7,22.0,2012,0.020741326,B,B,24,5613,5,12312,2,5,B
607,14049,58,2.0,45.91764782201653,1231,5.0,1,9.0,1971,0.050755569,B,B,24,5469,1,12312,0,1,B
608,15780,29,2.0,39.30487715687144,1231,7.0,10,9.0,1967,0.069660344,B,B,31,6119,4,12312,1,2,B
609,9564,96,1.0,41.47248149427757,1231,8.0,12,17.0,1996,0.041116354,B,B,53,14892,4,12312,1,4,B
610,11910,77,2.0,48.73199184003237,1231,6.0,3,12.0,1975,6.99893e-05,B,B,46,10309,1,12312,1,16,B
611,11315,30,3.0,93.2013958849758,1231,1.0,3,2.0,2017,7.81528e-05,B,B,22,6398,141,12312,3,23,B
612,1733,93,1.0,40.52656590700193,1231,7.0,15,17.0,2003,0.521867054,B,B,25,6149,0,12312,0,0,B
613,3910,20,2.0,58.760572045562384,1231,9.0,13,23.0,2006,0.019508796,B,B,37,7687,11,12312,5,5,B
614,7552,108,3.0,76.58325194467727,1231,1.0,2,8.0,1959,0.0,B,B,25,5027,4,12312,1,1,B
615,254,15,1.0,53.3726503407478,1231,11.0,11,17.0,2007,0.158249043,B,B,21,5731,0,12312,1,0,B
616,5222,8,2.0,55.47519848118741,1231,8.0,11,12.0,1987,0.43788524,B,B,23,5735,3,12312,0,5,B
617,8314,53,2.0,49.748026544464246,1231,5.0,8,9.0,1968,0.313924552,B,B,22,4625,11,12312,2,10,B
618,16743,123,1.0,51.43853670866861,1231,13.0,15,17.0,2004,0.0,B,B,6,2733,0,12312,0,4,B
619,10335,27,1.0,29.66689546137525,1231,6.0,5,5.0,1979,0.07542368,B,B,11,3097,0,12312,0,0,B
620,8226,1,3.0,78.95741488093566,1231,10.0,5,17.0,1989,0.025609157,B,B,33,5261,0,12312,3,1,B
621,12254,45,1.0,39.58597946776947,1231,9.0,5,17.0,2017,0.195781053,B,B,23,5212,6,12312,3,2,B
622,13152,99,2.0,56.793832659775646,1231,6.0,10,9.0,1973,0.012338886,B,B,35,5776,1,12312,2,4,B
623,15020,61,2.0,41.66545771486654,1231,6.0,5,14.0,1980,0.300322518,B,B,52,10311,6,12312,1,9,B
624,16349,160,2.0,52.19851224237586,1231,8.0,4,16.0,1986,0.0,B,B,39,8647,0,12312,0,5,B
625,11924,45,1.0,31.772402958121138,1231,5.0,5,5.0,1964,0.014423114,B,B,19,3806,4,12312,0,3,B
626,12543,13,1.0,39.90591905013406,1231,10.0,18,22.0,1999,0.090799103,B,B,74,19083,2,12312,5,15,B
627,14114,138,2.0,49.20656626332695,1231,6.0,5,9.0,1976,0.1363303,B,B,30,6141,10,12312,3,6,B
628,12318,11,3.0,66.52409810232976,1231,7.0,7,12.0,1975,0.0001696759999999,B,B,36,5992,0,12312,1,1,B
629,15383,61,2.0,44.30863623532426,1231,5.0,7,3.0,1961,0.298204575,B,B,16,4048,3,12312,1,3,B
630,6679,93,3.0,136.2977509264921,1231,1.0,4,17.0,1977,0.004949358,B,B,0,186,0,12312,0,0,B
631,635,34,1.0,33.74211915240898,1231,1.0,16,1.0,2018,0.069753361,B,B,53,13670,4,12312,1,11,B
632,15993,86,3.0,60.68475162476835,1231,5.0,9,9.0,1973,0.161975568,B,A,31,7010,5,12312,3,7,B
633,11375,130,1.0,40.82858950829207,1231,8.0,3,9.0,1964,0.341071945,B,B,27,5664,48,12312,3,11,B
634,11216,9,2.0,62.218081990980686,1231,1.0,6,18.0,1977,0.161531741,B,B,25,5648,1,12312,2,4,B
635,15401,13,2.0,51.39579121978623,1231,8.0,6,17.0,2001,0.090799103,B,B,74,19083,2,12312,5,15,B
636,11301,62,2.0,51.21539058108344,1231,7.0,3,12.0,1980,0.386771659,B,B,5,1135,0,12312,0,0,A
637,13804,103,3.0,60.00717668229641,1231,5.0,4,10.0,1971,0.014423114,B,B,19,3806,4,12312,0,3,B
638,10839,81,2.0,48.56876995813277,1231,5.0,5,5.0,1964,0.006076152,B,B,30,5285,0,12312,6,6,B
639,1588,34,3.0,83.39982784722473,1231,9.0,4,22.0,1996,0.069753361,B,B,53,13670,4,12312,1,11,B
640,3596,41,2.0,45.06980131088211,1231,5.0,10,9.0,1969,0.175054867,B,B,36,10055,3,12312,1,0,B
641,5816,8,2.0,46.1134724644221,1231,5.0,6,5.0,1971,0.43788524,B,B,23,5735,3,12312,0,5,B
642,8099,1,1.0,40.57502850132533,1231,1.0,6,17.0,1977,0.007122317,B,B,1,264,0,12312,0,1,B
643,6551,3,2.0,48.753300065115255,1231,9.0,13,14.0,1973,0.050900058,B,B,43,10621,1,12312,2,3,B
644,14075,64,4.0,101.2380994821876,1231,10.0,13,22.0,2002,0.135649789,B,B,46,7960,6,12312,3,11,B
645,13431,85,2.0,48.03309698470909,1231,6.0,3,9.0,1977,0.037177818,B,B,52,11217,1,12312,1,7,B
646,9481,124,3.0,65.31584938474157,1231,8.0,5,9.0,1978,0.16909109,B,B,19,3856,10,12312,2,5,B
647,5295,1,1.0,42.62820493540221,1231,8.0,4,17.0,1990,0.025609157,B,B,33,5261,0,12312,3,1,B
648,15859,13,3.0,82.31104819265433,1231,12.0,12,17.0,2001,0.090799103,B,B,74,19083,2,12312,5,15,B
649,10634,169,3.0,90.4092500741474,1231,1.0,3,3.0,2017,0.178916796,B,B,18,3594,4,12312,1,5,B
650,444,32,1.0,42.078904058812135,1231,8.0,13,25.0,1991,0.135649789,B,B,46,7960,6,12312,3,11,B
651,11686,13,2.0,62.74593924762932,1231,10.0,8,16.0,1981,0.090799103,B,B,74,19083,2,12312,5,15,B
652,1213,6,3.0,76.88427810837435,1231,1.0,13,17.0,1977,0.243204519,B,B,5,1564,0,12312,0,0,B
653,13970,8,1.0,49.80697557729386,1231,1.0,32,32.0,2009,0.092290642,B,B,21,4346,2,12312,1,2,B
654,6849,33,3.0,95.36272463496312,1231,0.0,16,17.0,1977,0.236108458,B,B,16,3893,27,12312,3,10,B
655,9911,115,1.0,39.592075945759184,1231,9.0,11,12.0,1971,1.8e-09,B,B,16,3681,73,12312,2,5,B
656,5649,6,2.0,53.6965264452508,1231,9.0,14,17.0,2014,0.243204519,B,B,5,1564,0,12312,0,0,B
657,7184,185,2.0,54.49277755096296,1231,9.0,17,17.0,2004,0.025609157,B,B,33,5261,0,12312,3,1,B
658,5877,77,3.0,69.11237658981862,1231,8.0,4,16.0,1978,6.99893e-05,B,B,46,10309,1,12312,1,16,B
659,1655,95,1.0,44.94350122950068,1231,0.0,4,0.0,1977,0.0006991189999999,B,B,14,3369,24,12312,0,3,B
660,15301,107,2.0,39.77720097603597,1231,5.0,4,9.0,1966,0.174739084,B,B,17,3379,9,12312,0,3,B
661,12389,27,3.0,99.6149063275124,1231,1.0,10,16.0,2016,0.072157581,B,B,2,629,1,12312,0,0,A
662,5241,46,3.0,67.52883809870292,1231,5.0,7,9.0,1968,0.0,B,B,47,11319,0,12312,3,5,B
663,7048,75,1.0,32.818082647218496,1231,5.0,3,14.0,1965,0.122090347,B,B,29,6566,7,12312,4,0,B
664,10574,23,3.0,66.47191800762235,1231,1.0,5,1.0,2017,0.034656082,B,B,0,168,0,12312,0,0,B
665,8593,1,2.0,47.851365072771394,1231,6.0,5,12.0,1983,0.059456227,B,B,1,362,0,12312,0,0,B
666,4752,87,1.0,39.848351944261815,1231,8.0,18,17.0,1988,0.100455735,B,B,43,7227,0,12312,1,6,A
667,14663,80,1.0,40.29627926147378,1231,9.0,21,22.0,1988,0.0,B,B,39,8647,0,12312,0,5,B
668,10994,62,3.0,89.50345887760139,1231,1.0,5,12.0,1977,0.072157581,B,B,2,629,1,12312,0,0,A
669,87,23,1.0,37.23558744603266,1231,1.0,5,3.0,1977,0.005767451,B,B,1,388,0,12312,0,0,B
670,5132,6,1.0,39.35238606819616,1231,1.0,12,1.0,1977,0.243204519,B,B,5,1564,0,12312,0,0,B
671,6372,155,2.0,78.16550988157199,1231,10.0,5,5.0,1914,0.042307271,B,B,17,2810,9,12312,3,6,B
672,7411,88,2.0,65.73780079138041,1231,12.0,14,17.0,2008,0.127375905,B,B,43,8429,3,12312,3,9,B
673,3319,48,2.0,50.62700649726228,1231,6.0,12,12.0,1981,0.041124634,B,B,46,9515,5,12312,1,10,B
674,9355,58,1.0,36.661313849706985,1231,6.0,3,9.0,1972,0.31019913,B,B,11,2748,1,12312,0,0,B
675,5139,34,2.0,59.92774490501757,1231,1.0,5,1.0,2014,0.069753361,B,B,53,13670,4,12312,1,11,B
676,56,8,2.0,65.81016592669467,1231,12.0,4,17.0,2006,0.092290642,B,B,21,4346,2,12312,1,2,B
677,3249,70,1.0,36.04589052068201,1231,7.0,8,9.0,1974,0.002211665,B,B,39,7614,3,12312,1,5,A
678,5047,23,1.0,39.36140692667142,1231,10.0,5,15.0,2017,0.034656082,B,B,0,168,0,12312,0,0,B
679,13238,74,3.0,119.6074819504299,1231,10.0,8,12.0,2017,0.075778755,B,B,6,1437,3,12312,0,2,B
680,2190,18,3.0,77.29932268221367,1231,10.0,16,17.0,1986,0.0,B,B,30,5562,0,12312,0,5,A
681,15599,6,2.0,61.443165244106034,1231,1.0,5,17.0,2016,0.243204519,B,B,5,1564,0,12312,0,0,B
682,6542,6,2.0,55.84996524830046,1231,9.0,13,17.0,2016,0.243204519,B,B,5,1564,0,12312,0,0,B
683,1968,27,2.0,138.0391817134653,1231,42.0,3,3.0,2016,0.014072961,B,B,2,475,0,12312,0,0,B
684,5630,23,3.0,75.68849618268635,1231,11.0,4,17.0,2014,0.075778755,B,B,6,1437,3,12312,0,2,B
685,9157,58,3.0,94.87627719930524,1231,0.0,5,3.0,1977,0.43788524,B,B,23,5735,3,12312,0,5,B
686,789,67,1.0,47.660240117006,1231,1.0,12,22.0,1977,0.0077202819999999,B,B,38,4788,2,12312,0,4,B
687,1413,57,3.0,68.39393724483394,1231,8.0,7,12.0,1982,0.133215333,B,B,49,11395,3,12312,3,4,A
688,12514,24,3.0,58.3500678601626,1231,6.0,5,5.0,1959,0.111627393,B,B,50,12238,8,12312,2,3,B
689,13459,1,1.0,40.0929429686836,1231,1.0,6,17.0,1977,0.007122317,B,B,1,264,0,12312,0,1,B
690,1345,53,3.0,50.83773395507631,1231,5.0,8,9.0,1969,0.049637257,B,B,34,7759,0,12312,1,3,B
691,4034,111,2.0,46.9177295096103,1231,5.0,6,5.0,1969,0.135649789,B,B,46,7960,6,12312,3,11,B
692,15169,21,1.0,34.0937923976645,1231,6.0,8,9.0,1972,0.194489265,B,B,47,8004,3,12312,3,5,B
693,6770,74,2.0,81.33754907072266,1231,1.0,13,1.0,1977,0.075778755,B,B,6,1437,3,12312,0,2,B
694,3334,120,1.0,33.50706978317867,1231,5.0,2,9.0,1972,0.341071945,B,B,27,5664,48,12312,3,11,B
695,12998,139,1.0,35.156709374129946,1231,5.0,3,5.0,1964,0.122090347,B,B,29,6566,7,12312,4,0,B
696,15870,44,2.0,54.30058654863748,1231,8.0,2,14.0,1990,0.036122292,B,B,24,4378,0,12312,1,1,B
697,1871,1,1.0,48.61324993667937,1231,1.0,13,16.0,2015,0.007122317,B,B,1,264,0,12312,0,1,B
698,5770,140,1.0,31.40718144147225,1231,0.0,5,5.0,1962,0.0,B,B,33,7425,1,12312,2,5,B
699,13196,23,3.0,70.41757284325949,1231,1.0,4,1.0,1977,0.005767451,B,B,1,388,0,12312,0,0,B
700,7633,53,1.0,40.67562653962813,1231,1.0,21,21.0,1977,0.049637257,B,B,34,7759,0,12312,1,3,B
701,10699,5,2.0,43.80717698785416,1231,5.0,7,9.0,1971,0.150817539,B,B,16,3433,4,12312,4,5,B
702,15470,55,2.0,46.72095454788978,1231,6.0,7,9.0,1972,0.012338886,B,B,35,5776,1,12312,2,4,B
703,1903,113,4.0,118.55824526655924,1231,10.0,16,17.0,2001,0.060753049,B,B,15,2787,2,12312,0,7,B
704,13860,176,2.0,56.3910159448731,1231,7.0,1,5.0,1960,0.08761909,B,B,8,1497,5,12312,1,0,B
705,7649,30,2.0,54.10198716813146,1231,7.0,4,4.0,1952,7.81528e-05,B,B,22,6398,141,12312,3,23,B
706,11043,14,2.0,43.48959419399233,1231,5.0,4,5.0,1963,0.042031587,B,B,37,6856,84,12312,2,5,B
707,2922,111,1.0,39.172503595354,1231,10.0,21,22.0,2006,0.093442564,B,B,23,4635,5,12312,2,4,B
708,7538,43,3.0,63.79065568643842,1231,4.0,4,7.0,1930,0.212515361,B,B,19,3293,16,12312,3,7,B
709,9477,27,1.0,36.61937467826312,1231,8.0,16,25.0,2017,0.072157581,B,B,2,629,1,12312,0,0,A
710,117,59,4.0,121.22525035713664,1231,1.0,21,1.0,2016,0.0,B,B,18,3374,5,12312,1,2,B
711,1457,94,2.0,57.97217487994431,1231,9.0,9,17.0,1983,0.282797669,B,B,33,8667,2,12312,0,6,B
712,7082,41,1.0,38.64798060699438,1231,9.0,1,12.0,1980,0.175054867,B,B,36,10055,3,12312,1,0,B
713,3053,13,2.0,60.13069105329036,1231,10.0,10,14.0,1998,0.090799103,B,B,74,19083,2,12312,5,15,B
714,12522,27,1.0,44.8544491057594,1231,0.0,14,22.0,1977,0.211401214,B,B,9,1892,0,12312,0,1,B
715,5744,73,2.0,74.48878941919456,1231,1.0,4,17.0,2017,0.042031587,B,B,37,6856,84,12312,2,5,B
716,13566,141,3.0,67.09662526343965,1231,7.0,1,5.0,1953,0.0006991189999999,B,B,14,3369,24,12312,0,3,B
717,1464,27,1.0,44.857082527189895,1231,12.0,8,1.0,1977,0.017647053,B,B,2,469,0,12312,0,0,B
718,3852,58,1.0,49.90641027517503,1231,1.0,6,1.0,2018,0.43788524,B,B,23,5735,3,12312,0,5,B
719,9557,24,2.0,50.75225063303423,1231,6.0,7,5.0,1960,0.111627393,B,B,50,12238,8,12312,2,3,B
720,14719,31,3.0,76.4358402249719,1231,10.0,1,9.0,2002,0.151346216,B,A,32,5889,10,12312,4,1,B
721,13978,30,1.0,39.877152334710296,1231,1.0,18,17.0,1977,7.81528e-05,B,B,22,6398,141,12312,3,23,B
722,3286,94,1.0,32.646326121498326,1231,6.0,10,9.0,1971,0.282797669,B,B,33,8667,2,12312,0,6,B
723,13019,61,3.0,80.24691727918831,1231,9.0,9,22.0,1997,0.300322518,B,B,52,10311,6,12312,1,9,B
724,1421,164,1.0,34.961943018409784,1231,5.0,2,5.0,1965,0.486245621,B,B,13,2514,19,12312,0,6,B
725,13502,75,1.0,39.5059260782714,1231,9.0,11,12.0,1972,0.307466659,B,A,30,5048,9,12312,2,5,B
726,14811,58,1.0,41.05789525897194,1231,1.0,17,17.0,1977,0.43788524,B,B,23,5735,3,12312,0,5,B
727,9297,148,2.0,61.87886298833217,1231,10.0,4,17.0,1986,0.313924552,B,B,22,4625,11,12312,2,10,B
728,7749,119,3.0,109.36999965088243,1231,11.0,7,24.0,2000,0.000995363,B,B,42,7651,1,12312,1,5,B
729,16555,1,1.0,38.40776281943658,1231,1.0,13,17.0,1977,0.007122317,B,B,1,264,0,12312,0,1,B
730,14576,103,1.0,39.17277541783278,1231,10.0,3,12.0,1966,0.014423114,B,B,19,3806,4,12312,0,3,B
731,12766,74,1.0,46.238972132148206,1231,10.0,8,20.0,1977,0.075778755,B,B,6,1437,3,12312,0,2,B
732,4679,30,2.0,33.44430622348324,1231,5.0,5,5.0,1968,7.81528e-05,B,B,22,6398,141,12312,3,23,B
733,10033,167,1.0,35.677794131006095,1231,9.0,10,12.0,1970,0.051942062,B,B,17,4017,7,12312,2,0,B
734,11231,73,2.0,45.80427563610765,1231,5.0,5,5.0,1966,0.042031587,B,B,37,6856,84,12312,2,5,B
735,15112,29,1.0,34.656803685075964,1231,1.0,10,14.0,2011,0.069660344,B,B,31,6119,4,12312,1,2,B
736,10617,6,2.0,65.7063870935295,1231,1.0,14,1.0,2014,0.243204519,B,B,5,1564,0,12312,0,0,B
737,2175,67,1.0,39.477852282587726,1231,6.0,5,9.0,1978,0.100455735,B,B,43,7227,0,12312,1,6,A
738,16502,69,3.0,126.12112341939944,1231,15.0,16,16.0,2011,0.000991363,B,B,33,6783,3,12312,1,9,B
739,10106,46,1.0,40.21102816035786,1231,10.0,7,22.0,1991,0.188783766,B,B,31,6137,4,12312,0,1,B
740,12561,75,1.0,35.848849660420115,1231,5.0,6,5.0,1972,0.122090347,B,B,29,6566,7,12312,4,0,B
741,15907,28,2.0,66.09687045897815,1231,10.0,13,23.0,2009,0.333891544,B,B,30,6564,1,12312,0,0,B
742,8069,23,1.0,44.904578645553904,1231,1.0,20,25.0,1977,0.075778755,B,B,6,1437,3,12312,0,2,B
743,8316,6,1.0,38.3333285687248,1231,0.0,7,17.0,1977,0.243204519,B,B,5,1564,0,12312,0,0,B
744,12343,13,2.0,55.63884113874912,1231,9.0,16,17.0,2000,0.090799103,B,B,74,19083,2,12312,5,15,B
745,12092,60,1.0,25.340573566687706,1231,5.0,6,9.0,1965,0.341071945,B,B,27,5664,48,12312,3,11,B
746,1527,151,1.0,34.815008019726854,1231,5.0,3,5.0,1966,0.236108458,B,B,16,3893,27,12312,3,10,B
747,10010,58,3.0,89.86859836253548,1231,0.0,9,0.0,1977,0.43788524,B,B,23,5735,3,12312,0,5,B
748,655,23,1.0,43.01731875778312,1231,10.0,13,25.0,2013,0.075778755,B,B,6,1437,3,12312,0,2,B
749,10549,58,1.0,35.82748435373208,1231,6.0,12,12.0,1981,0.43788524,B,B,23,5735,3,12312,0,5,B
750,3248,23,1.0,42.78899856535124,1231,0.0,3,17.0,1977,0.075778755,B,B,6,1437,3,12312,0,2,B
751,13499,21,2.0,64.77691626352801,1231,12.0,17,17.0,2007,0.034331497,B,B,25,5487,3,12312,0,4,B
752,14959,1,2.0,64.11244079029989,1231,1.0,13,17.0,1977,0.007122317,B,B,1,264,0,12312,0,1,B
753,6070,88,1.0,35.11884486509353,1231,5.0,6,9.0,1975,0.127375905,B,B,43,8429,3,12312,3,9,B
754,11360,27,3.0,80.73977136034544,1231,11.0,5,17.0,2007,0.07542368,B,B,11,3097,0,12312,0,0,B
755,12102,6,3.0,74.07253411568502,1231,0.0,17,0.0,1977,0.243204519,B,B,5,1564,0,12312,0,0,B
756,11870,185,3.0,76.54322466475195,1231,10.0,5,17.0,1991,0.025609157,B,B,33,5261,0,12312,3,1,B
757,3713,93,1.0,45.955517773352135,1231,1.0,3,21.0,2018,0.004949358,B,B,0,186,0,12312,0,0,B
758,3230,39,1.0,35.85282551954758,1231,5.0,5,5.0,1976,0.428825818,B,B,25,5011,8,12312,0,2,B
759,7742,55,2.0,54.75165696064707,1231,8.0,3,14.0,1996,0.041365446,B,B,31,5569,0,12312,1,4,B
760,15092,34,3.0,84.91865614321237,1231,10.0,14,20.0,1977,0.069753361,B,B,53,13670,4,12312,1,11,B
761,8728,109,2.0,58.10522563607446,1231,9.0,1,12.0,1977,0.093442564,B,B,23,4635,5,12312,2,4,B
762,3386,27,2.0,58.45424202659886,1231,8.0,11,12.0,1977,0.011654127,B,B,4,915,0,12312,0,0,B
763,9409,8,1.0,33.77103192610992,1231,6.0,6,9.0,1971,0.458174486,B,A,26,4439,1,12312,1,5,B
764,16545,25,2.0,62.331385264356506,1231,0.0,14,25.0,1977,0.069753361,B,B,53,13670,4,12312,1,11,B
765,3127,11,1.0,39.3404853038446,1231,8.0,5,12.0,1976,0.0001696759999999,B,B,36,5992,0,12312,1,1,B
766,11344,3,1.0,40.146638180950106,1231,8.0,4,16.0,1980,0.265088676,B,B,37,5288,0,12312,3,2,B
767,2112,39,3.0,57.2934574190353,1231,5.0,3,9.0,1970,0.428825818,B,B,25,5011,8,12312,0,2,B
768,7310,31,2.0,44.21664175571382,1231,5.0,5,5.0,1960,0.151346216,B,A,32,5889,10,12312,4,1,B
769,6313,1,3.0,80.67710601424461,1231,10.0,9,17.0,2014,0.007122317,B,B,1,264,0,12312,0,1,B
770,3681,111,3.0,79.434938829636,1231,8.0,6,12.0,1987,0.093442564,B,B,23,4635,5,12312,2,4,B
771,5114,98,3.0,84.65158951178083,1231,9.0,7,8.0,1963,0.195781053,B,B,23,5212,6,12312,3,2,B
772,270,83,1.0,32.287884366667484,1231,6.0,8,9.0,1973,0.0077202819999999,B,B,38,4788,2,12312,0,4,B
773,14350,6,2.0,63.95471097180236,1231,1.0,12,1.0,2014,0.243204519,B,B,5,1564,0,12312,0,0,B
774,12223,53,3.0,77.99182738418466,1231,10.0,9,16.0,1982,0.049637257,B,B,34,7759,0,12312,1,3,B
775,1066,79,2.0,44.01226548475897,1231,5.0,2,5.0,1969,0.307466659,B,A,30,5048,9,12312,2,5,B
776,16116,76,3.0,75.59234417009354,1231,10.0,7,16.0,1979,0.0,B,B,7,1660,39,12312,1,5,B
777,11410,108,3.0,81.98501504747095,1231,8.0,4,9.0,1957,0.0,B,B,25,5027,4,12312,1,1,B
778,4088,22,1.0,39.67093816820002,1231,9.0,9,20.0,2013,0.118537385,B,B,30,6207,1,12312,1,0,B
779,5956,119,1.0,45.312894505269696,1231,10.0,13,14.0,2010,0.000995363,B,B,42,7651,1,12312,1,5,B
780,14669,75,1.0,28.76735283810825,1231,5.0,4,9.0,1979,0.307466659,B,A,30,5048,9,12312,2,5,B
781,13871,58,1.0,35.14906993007037,1231,7.0,9,9.0,1969,0.1489038909999999,B,B,9,1952,1,12312,3,2,B
782,4126,21,2.0,53.53522572813704,1231,9.0,12,17.0,1988,0.034331497,B,B,25,5487,3,12312,0,4,B
783,12114,75,2.0,48.97394533059013,1231,6.0,4,9.0,1967,0.122090347,B,B,29,6566,7,12312,4,0,B
784,16607,2,1.0,35.79617975832756,1231,5.0,6,9.0,1967,0.0,B,B,33,7425,1,12312,2,5,B
785,4266,194,2.0,41.14129741564857,1231,6.0,10,12.0,1973,0.174739084,B,B,17,3379,9,12312,0,3,B
786,13518,26,2.0,48.50786205935908,1231,5.0,4,12.0,1967,0.0,B,B,36,6714,2,12312,0,2,B
787,11856,25,2.0,74.3768153068767,1231,5.0,4,25.0,2006,0.069753361,B,B,53,13670,4,12312,1,11,B
788,3885,74,2.0,78.96900311399234,1231,1.0,10,1.0,1977,0.075778755,B,B,6,1437,3,12312,0,2,B
789,8891,47,1.0,43.82797973848109,1231,7.0,11,17.0,2009,0.197367951,B,B,8,2423,1,12312,0,1,B
790,4964,31,1.0,31.34697381763689,1231,5.0,6,5.0,1963,0.151346216,B,A,32,5889,10,12312,4,1,B
791,7696,23,2.0,74.64631863190073,1231,1.0,5,1.0,2015,0.014072961,B,B,2,475,0,12312,0,0,B
792,6894,84,1.0,19.166821160129555,1231,0.0,6,5.0,1965,0.149666373,B,B,22,4789,2,12312,4,1,B
793,9766,70,1.0,33.51027476097912,1231,7.0,11,12.0,1975,0.002211665,B,B,39,7614,3,12312,1,5,A
794,4800,99,1.0,34.65933243040963,1231,10.0,9,12.0,1974,0.012338886,B,B,35,5776,1,12312,2,4,B
795,2840,105,1.0,38.691959808951054,1231,10.0,14,12.0,1973,0.040242764,B,B,25,3478,11,12312,3,1,B
796,4743,6,2.0,59.47879834312319,1231,12.0,14,17.0,2011,0.243204519,B,B,5,1564,0,12312,0,0,B
797,13562,78,5.0,116.65695474378428,1231,10.0,5,14.0,2001,0.219006007,B,B,28,6746,3,12312,1,4,B
798,8301,1,2.0,64.67644465593514,1231,1.0,17,17.0,1977,0.007122317,B,B,1,264,0,12312,0,1,B
799,5405,21,1.0,43.103813869248846,1231,8.0,3,17.0,2006,0.194489265,B,B,47,8004,3,12312,3,5,B
800,1535,22,2.0,43.213174005294114,1231,5.0,6,5.0,1966,0.133215333,B,B,49,11395,3,12312,3,4,A
801,9073,6,1.0,38.52108688308654,1231,1.0,17,17.0,1977,0.243204519,B,B,5,1564,0,12312,0,0,B
802,1698,13,3.0,77.95697471613137,1231,10.0,19,22.0,2001,0.090799103,B,B,74,19083,2,12312,5,15,B
803,12262,1,3.0,81.38355446385975,1231,1.0,8,17.0,1977,0.007122317,B,B,1,264,0,12312,0,1,B
804,6794,1,2.0,55.24523690270964,1231,1.0,11,17.0,1977,0.007122317,B,B,1,264,0,12312,0,1,B
805,12701,37,1.0,44.06033875294317,1231,8.0,9,12.0,1983,0.232205084,B,B,24,4860,1,12312,0,3,B
806,8432,52,2.0,65.43531192048978,1231,1.0,13,17.0,1977,0.371148999,B,B,34,7065,1,12312,2,5,B
807,13540,29,1.0,35.81374528416286,1231,5.0,3,5.0,1963,0.086885265,B,B,10,2277,2,12312,0,0,B
808,8629,1,1.0,42.95319588154394,1231,8.0,3,14.0,1995,0.025609157,B,B,33,5261,0,12312,3,1,B
809,1440,29,2.0,45.52167884587328,1231,5.0,7,5.0,1964,0.069660344,B,B,31,6119,4,12312,1,2,B
810,8596,47,2.0,48.11315961694912,1231,5.0,9,9.0,1978,0.101872465,B,B,23,4583,3,12312,3,3,B
811,9575,47,3.0,67.92825485457547,1231,8.0,5,12.0,1978,6.99893e-05,B,B,46,10309,1,12312,1,16,B
812,14976,27,1.0,37.54815550728642,1231,1.0,20,19.0,1977,0.211401214,B,B,9,1892,0,12312,0,1,B
813,3149,141,2.0,39.58923094418836,1231,5.0,8,13.0,1967,0.0,B,B,23,3684,2,12312,0,4,B
814,5157,23,2.0,70.34844345140617,1231,14.0,5,1.0,2018,0.075778755,B,B,6,1437,3,12312,0,2,B
815,10748,27,2.0,64.25160382004853,1231,1.0,16,16.0,2015,0.017647053,B,B,2,469,0,12312,0,0,B
816,9719,78,3.0,84.35644857829261,1231,10.0,20,22.0,2006,0.219006007,B,B,28,6746,3,12312,1,4,B
817,6376,2,1.0,42.37619755741403,1231,9.0,9,14.0,1977,0.309479124,B,B,35,7715,4,12312,0,6,B
818,9733,84,1.0,41.556817636267546,1231,7.0,12,12.0,1969,0.149666373,B,B,22,4789,2,12312,4,1,B
819,4749,9,3.0,69.552090585187,1231,8.0,4,10.0,2011,0.161531741,B,B,25,5648,1,12312,2,4,B
820,4994,38,3.0,87.3583065374067,1231,11.0,15,16.0,2002,0.060753049,B,B,15,2787,2,12312,0,7,B
821,538,123,1.0,43.79346146335538,1231,10.0,6,16.0,2007,0.0,B,B,47,11319,0,12312,3,5,B
822,5512,27,2.0,50.22547670210498,1231,6.0,4,5.0,1981,0.051815435,B,B,5,1227,0,12312,0,0,B
823,9778,0,1.0,38.89431329167496,1231,10.0,4,12.0,1974,0.006076152,B,B,30,5285,0,12312,6,6,B
824,9761,27,1.0,58.30317937765962,1231,10.0,9,17.0,2018,0.011654127,B,B,4,915,0,12312,0,0,B
825,3174,13,4.0,96.25953781643494,1231,10.0,6,10.0,1996,0.090799103,B,B,74,19083,2,12312,5,15,B
826,13429,22,2.0,60.55011323349251,1231,1.0,7,17.0,1977,0.118537385,B,B,30,6207,1,12312,1,0,B
827,10467,23,1.0,31.182692256736463,1231,1.0,12,17.0,1977,0.034656082,B,B,0,168,0,12312,0,0,B
828,14129,144,1.0,42.81881426108285,1231,8.0,5,12.0,1982,0.306977489,B,B,27,5148,14,12312,5,7,B
829,13608,30,3.0,77.96273925121066,1231,1.0,5,17.0,1977,7.81528e-05,B,B,22,6398,141,12312,3,23,B
830,11106,27,3.0,47.443400278180206,1231,0.0,6,25.0,1977,0.072157581,B,B,2,629,1,12312,0,0,A
831,12048,71,1.0,41.480768567716936,1231,8.0,8,14.0,1998,0.033493708,B,B,66,10573,1,12312,3,8,B
832,1054,42,4.0,96.82315118483191,1231,11.0,5,12.0,2006,0.158249043,B,B,21,5731,0,12312,1,0,B
833,3582,189,2.0,46.97019264782048,1231,5.0,6,5.0,1965,7.81528e-05,B,B,22,6398,141,12312,3,23,B
834,1566,29,1.0,31.498954134362425,1231,6.0,6,9.0,1977,0.069660344,B,B,31,6119,4,12312,1,2,B
835,11529,1,2.0,46.58558564784904,1231,5.0,4,5.0,1965,0.036270089,B,B,6,1318,1,12312,1,1,B
836,11859,2,1.0,30.411310557782127,1231,4.0,7,5.0,1962,0.0,B,B,33,7425,1,12312,2,5,B
837,10582,1,1.0,43.35833823404816,1231,1.0,15,22.0,1977,0.007122317,B,B,1,264,0,12312,0,1,B
838,14907,130,4.0,116.56493261709936,1231,10.0,5,9.0,1960,0.21843974,B,B,21,4472,6,12312,4,7,A
839,14039,29,1.0,38.64495753534339,1231,8.0,3,5.0,1960,0.069660344,B,B,31,6119,4,12312,1,2,B
840,10489,62,2.0,68.93625303746515,1231,16.0,6,17.0,2012,0.072157581,B,B,2,629,1,12312,0,0,A
841,3331,9,3.0,75.47051211870514,1231,10.0,10,17.0,1995,0.069753361,B,B,53,13670,4,12312,1,11,B
842,10153,1,3.0,80.40701311964045,1231,1.0,16,17.0,1977,0.007122317,B,B,1,264,0,12312,0,1,B
843,5271,52,1.0,40.730265125879136,1231,8.0,19,17.0,1989,0.371148999,B,B,34,7065,1,12312,2,5,B
844,11871,48,2.0,83.7467762689228,1231,10.0,19,25.0,2017,0.041124634,B,B,46,9515,5,12312,1,10,B
845,776,27,2.0,45.37888764454068,1231,5.0,6,5.0,1978,0.051815435,B,B,5,1227,0,12312,0,0,B
846,3994,23,2.0,55.851231197044726,1231,7.0,4,5.0,1986,0.014072961,B,B,2,475,0,12312,0,0,B
847,9433,23,1.0,31.22986415181169,1231,1.0,14,12.0,2018,0.034656082,B,B,0,168,0,12312,0,0,B
848,14275,27,1.0,47.52711070587539,1231,1.0,17,17.0,2017,0.072157581,B,B,2,629,1,12312,0,0,A
849,8030,19,2.0,67.518721641105,1231,7.0,5,5.0,1956,0.309479124,B,B,35,7715,4,12312,0,6,B
850,8169,61,2.0,66.23281408100944,1231,0.0,5,0.0,1977,0.300322518,B,B,52,10311,6,12312,1,9,B
851,8053,41,1.0,43.13978128543733,1231,8.0,15,17.0,1994,0.036122292,B,B,24,4378,0,12312,1,1,B
852,4822,58,3.0,63.22767861560684,1231,6.0,4,9.0,1968,0.050755569,B,B,24,5469,1,12312,0,1,B
853,13197,99,2.0,61.07390193046778,1231,6.0,4,10.0,1970,0.033493708,B,B,66,10573,1,12312,3,8,B
854,13634,56,1.0,51.58538397142153,1231,1.0,18,25.0,2016,0.0,B,B,23,5067,4,12312,2,6,B
855,8951,127,2.0,44.04502412341376,1231,5.0,4,5.0,1960,0.486245621,B,B,13,2514,19,12312,0,6,B
856,12176,145,2.0,62.23332919234233,1231,10.0,18,17.0,1988,0.0,B,B,30,5562,0,12312,0,5,A
857,15471,3,1.0,35.87615246760468,1231,6.0,8,9.0,1974,0.050900058,B,B,43,10621,1,12312,2,3,B
858,14962,1,1.0,52.82967629505761,1231,6.0,12,12.0,2016,0.014580716,B,B,3,760,1,12312,0,0,B
859,12512,27,1.0,40.95067261511347,1231,0.0,2,0.0,1977,0.017647053,B,B,2,469,0,12312,0,0,B
860,8697,54,3.0,107.26140330876824,1231,9.0,4,17.0,2013,0.006076152,B,B,30,5285,0,12312,6,6,B
861,7095,99,2.0,55.436380015999,1231,9.0,13,14.0,1998,0.033493708,B,B,66,10573,1,12312,3,8,B
862,13639,9,2.0,58.59438304484495,1231,9.0,6,15.0,2007,0.161531741,B,B,25,5648,1,12312,2,4,B
863,16660,74,2.0,45.88170224800432,1231,5.0,2,5.0,1966,0.371148999,B,B,34,7065,1,12312,2,5,B
864,5848,1,1.0,40.178924609776345,1231,1.0,17,17.0,1977,0.007122317,B,B,1,264,0,12312,0,1,B
865,5386,85,1.0,41.24874493720226,1231,10.0,19,22.0,1989,0.037177818,B,B,52,11217,1,12312,1,7,B
866,10880,169,2.0,66.74859608073734,1231,1.0,14,17.0,1977,0.178916796,B,B,18,3594,4,12312,1,5,B
867,3954,47,1.0,38.51345811387383,1231,8.0,12,12.0,1983,6.99893e-05,B,B,46,10309,1,12312,1,16,B
868,13426,209,3.0,57.32044281965874,1231,6.0,4,5.0,1967,0.040242764,B,B,25,3478,11,12312,3,1,B
869,5966,53,2.0,44.43824905393311,1231,5.0,8,9.0,1966,0.049637257,B,B,34,7759,0,12312,1,3,B
870,16315,52,3.0,80.57458408613198,1231,10.0,19,17.0,1988,0.371148999,B,B,34,7065,1,12312,2,5,B
871,7455,36,2.0,38.24668870871138,1231,7.0,6,9.0,1965,0.08761909,B,B,8,1497,5,12312,1,0,B
872,11071,55,2.0,54.54498573640749,1231,9.0,13,17.0,1997,0.041365446,B,B,31,5569,0,12312,1,4,B
873,14740,111,2.0,46.01078633180929,1231,5.0,6,9.0,1977,0.135649789,B,B,46,7960,6,12312,3,11,B
874,16087,112,1.0,41.71971466497575,1231,8.0,19,18.0,2008,0.069660344,B,B,31,6119,4,12312,1,2,B
875,8931,9,3.0,88.90062789819622,1231,10.0,9,13.0,2016,0.161531741,B,B,25,5648,1,12312,2,4,B
876,15289,58,2.0,65.23318019605047,1231,1.0,4,3.0,1977,0.43788524,B,B,23,5735,3,12312,0,5,B
877,16089,66,2.0,57.0651733126042,1231,7.0,2,5.0,1957,0.161975568,B,A,31,7010,5,12312,3,7,B
878,12128,6,2.0,67.35766837062401,1231,0.0,14,17.0,1977,0.243204519,B,B,5,1564,0,12312,0,0,B
879,4724,99,3.0,62.06653178056656,1231,6.0,7,9.0,1973,0.012338886,B,B,35,5776,1,12312,2,4,B
880,8585,2,2.0,47.28812379137417,1231,6.0,6,9.0,1973,0.035145267,B,B,42,9292,3,12312,0,3,B
881,7188,59,1.0,44.3016133524626,1231,1.0,16,17.0,1977,0.019508796,B,B,37,7687,11,12312,5,5,B
882,5423,23,2.0,93.98565807826094,1231,15.0,18,25.0,2012,0.075778755,B,B,6,1437,3,12312,0,2,B
883,10488,23,3.0,80.56389072445232,1231,1.0,19,25.0,1977,0.075778755,B,B,6,1437,3,12312,0,2,B
884,5980,99,3.0,62.83106276697863,1231,6.0,4,9.0,1972,0.012338886,B,B,35,5776,1,12312,2,4,B
885,8376,74,2.0,73.51594928855674,1231,0.0,6,0.0,1977,0.075778755,B,B,6,1437,3,12312,0,2,B
886,12397,27,1.0,52.1369720696901,1231,1.0,10,12.0,2016,0.072157581,B,B,2,629,1,12312,0,0,A
887,16496,4,1.0,39.97674931976974,1231,9.0,11,2.0,1972,0.327018035,B,B,12,2270,23,12312,1,0,B
888,4891,18,3.0,63.24806887308125,1231,7.0,9,14.0,1987,0.0,B,B,30,5562,0,12312,0,5,A
889,9710,27,2.0,58.8862923858058,1231,0.0,13,0.0,1977,0.211401214,B,B,9,1892,0,12312,0,1,B
890,6339,8,1.0,42.72502375162371,1231,7.0,2,14.0,2010,0.43788524,B,B,23,5735,3,12312,0,5,B
891,244,1,2.0,75.43590521864608,1231,0.0,7,0.0,1977,0.014580716,B,B,3,760,1,12312,0,0,B
892,5002,1,3.0,82.62484278939883,1231,1.0,5,17.0,2016,0.007122317,B,B,1,264,0,12312,0,1,B
893,5358,62,2.0,60.970763187419976,1231,1.0,5,1.0,1977,0.072157581,B,B,2,629,1,12312,0,0,A
894,7636,6,2.0,51.54330515570465,1231,0.0,8,17.0,1977,0.243204519,B,B,5,1564,0,12312,0,0,B
895,9361,96,3.0,79.23918092270458,1231,10.0,11,22.0,1997,0.041116354,B,B,53,14892,4,12312,1,4,B
896,3601,30,1.0,42.04688631883095,1231,1.0,13,11.0,2016,7.81528e-05,B,B,22,6398,141,12312,3,23,B
897,15755,39,1.0,37.212074047635454,1231,7.0,7,5.0,1979,0.428825818,B,B,25,5011,8,12312,0,2,B
898,172,6,2.0,63.53702152878179,1231,1.0,9,25.0,1977,0.243204519,B,B,5,1564,0,12312,0,0,B
899,3037,156,2.0,57.66976927251718,1231,11.0,17,16.0,1981,0.007658515,B,B,35,7077,56,12312,3,19,B
900,577,100,3.0,55.68017302447607,1231,5.0,5,5.0,1956,0.200146802,B,B,23,3975,8,12312,2,0,B
901,3607,94,2.0,41.74844775289928,1231,8.0,12,12.0,1981,0.127375905,B,B,43,8429,3,12312,3,9,B
902,2515,23,1.0,49.52032486745218,1231,1.0,4,16.0,2016,0.014072961,B,B,2,475,0,12312,0,0,B
903,10413,78,1.0,34.90916277394521,1231,6.0,6,9.0,1973,0.092290642,B,B,21,4346,2,12312,1,2,B
904,10511,119,2.0,55.34898560041994,1231,8.0,18,17.0,1997,0.000995363,B,B,42,7651,1,12312,1,5,B
905,4637,0,4.0,107.16134850197004,1231,10.0,10,22.0,2007,0.319809354,B,B,25,4756,16,12312,5,8,B
906,12736,9,3.0,89.2439640308897,1231,10.0,16,22.0,1987,0.136244425,B,B,11,2370,0,12312,0,1,B
907,9534,41,2.0,53.41007943012504,1231,8.0,6,17.0,1984,0.175054867,B,B,36,10055,3,12312,1,0,B
908,11641,27,2.0,86.47206156447653,1231,1.0,2,6.0,1977,0.07542368,B,B,11,3097,0,12312,0,0,B
909,10419,85,4.0,65.78695277974502,1231,6.0,8,9.0,1981,0.037177818,B,B,52,11217,1,12312,1,7,B
910,15313,76,1.0,37.58702793369136,1231,7.0,3,9.0,1965,0.0,B,B,7,1660,39,12312,1,5,B
911,14915,10,2.0,38.26940528309434,1231,6.0,5,14.0,1971,0.089039719,B,B,33,7976,5,12312,0,11,B
912,12409,19,3.0,81.95835167141978,1231,10.0,18,17.0,1996,0.000991363,B,B,33,6783,3,12312,1,9,B
913,9405,6,1.0,41.22510698800132,1231,1.0,25,25.0,1977,0.243204519,B,B,5,1564,0,12312,0,0,B
914,14066,79,2.0,49.24404934301864,1231,7.0,5,9.0,1979,0.307466659,B,A,30,5048,9,12312,2,5,B
915,14108,17,1.0,32.23332778490517,1231,7.0,7,9.0,1967,0.0,B,B,18,3374,5,12312,1,2,B
916,11931,9,3.0,81.44153182471769,1231,1.0,11,1.0,1977,0.161531741,B,B,25,5648,1,12312,2,4,B
917,11464,59,2.0,68.69220691334951,1231,1.0,9,20.0,2017,0.0,B,B,18,3374,5,12312,1,2,B
918,926,21,1.0,35.23450776563746,1231,5.0,6,5.0,1962,0.034331497,B,B,25,5487,3,12312,0,4,B
919,11190,6,3.0,83.07196605428275,1231,1.0,10,17.0,1977,0.243204519,B,B,5,1564,0,12312,0,0,B
920,10260,6,2.0,66.36818566355153,1231,0.0,19,17.0,1977,0.243204519,B,B,5,1564,0,12312,0,0,B
921,12712,3,2.0,52.35996514239503,1231,9.0,13,12.0,1975,0.050900058,B,B,43,10621,1,12312,2,3,B
922,1234,1,2.0,71.90870883067885,1231,1.0,3,22.0,2016,0.007122317,B,B,1,264,0,12312,0,1,B
923,11608,27,1.0,41.57523256228452,1231,1.0,19,22.0,1977,0.211401214,B,B,9,1892,0,12312,0,1,B
924,3776,47,3.0,64.76659486144558,1231,6.0,11,12.0,1978,6.99893e-05,B,B,46,10309,1,12312,1,16,B
925,4881,1,2.0,64.59900935256066,1231,1.0,17,17.0,1977,0.007122317,B,B,1,264,0,12312,0,1,B
926,10266,23,3.0,78.70514518523436,1231,1.0,4,3.0,2015,0.034656082,B,B,0,168,0,12312,0,0,B
927,3262,37,3.0,61.16162599299228,1231,6.0,5,9.0,1974,0.127811589,B,B,28,7287,5,12312,1,3,B
928,3576,121,3.0,78.98523475549227,1231,10.0,3,14.0,1998,0.212515361,B,B,19,3293,16,12312,3,7,B
929,16604,17,3.0,100.00091752309037,1231,0.0,4,0.0,1977,0.0,B,B,18,3374,5,12312,1,2,B
930,8041,76,1.0,39.70596909266,1231,9.0,8,12.0,1970,0.0,B,B,7,1660,39,12312,1,5,B
931,10691,23,3.0,104.15151303459466,1231,1.0,19,25.0,1977,0.075778755,B,B,6,1437,3,12312,0,2,B
932,8357,75,1.0,40.48967510136287,1231,8.0,13,14.0,1969,0.307466659,B,A,30,5048,9,12312,2,5,B
933,11661,21,1.0,36.96362776610617,1231,5.0,3,5.0,1967,0.194489265,B,B,47,8004,3,12312,3,5,B
934,4453,12,2.0,56.80090820484124,1231,8.0,12,17.0,1986,0.090799103,B,B,74,19083,2,12312,5,15,B
935,15936,6,3.0,81.55772363696076,1231,1.0,17,17.0,1977,0.243204519,B,B,5,1564,0,12312,0,0,B
936,8463,19,2.0,59.022182503946425,1231,11.0,11,14.0,2006,0.309479124,B,B,35,7715,4,12312,0,6,B
937,15770,122,2.0,57.21085874250595,1231,12.0,2,10.0,1997,0.033493708,B,B,66,10573,1,12312,3,8,B
938,466,90,1.0,39.115782469382175,1231,9.0,11,12.0,1971,0.265088676,B,B,37,5288,0,12312,3,2,B
939,14965,23,1.0,40.54162625016021,1231,1.0,6,17.0,1977,0.034656082,B,B,0,168,0,12312,0,0,B
940,11227,118,1.0,35.31505944583354,1231,7.0,3,5.0,1952,0.21843974,B,B,21,4472,6,12312,4,7,A
941,9894,99,3.0,70.14049589548453,1231,9.0,8,16.0,1981,0.033493708,B,B,66,10573,1,12312,3,8,B
942,11746,66,2.0,42.30313816263457,1231,5.0,4,5.0,1962,0.161975568,B,A,31,7010,5,12312,3,7,B
943,4118,1,1.0,44.24239609169,1231,1.0,2,22.0,1977,0.007122317,B,B,1,264,0,12312,0,1,B
944,756,85,3.0,77.29324421012132,1231,10.0,14,16.0,1982,0.037177818,B,B,52,11217,1,12312,1,7,B
945,15589,71,2.0,54.73818372647667,1231,11.0,15,16.0,1983,0.407276235,A,B,9,1768,0,12312,0,0,A
946,109,38,2.0,77.57091626146448,1231,1.0,27,26.0,2017,0.060753049,B,B,15,2787,2,12312,0,7,B
947,5778,18,2.0,52.61241525851811,1231,9.0,10,12.0,1982,0.0,B,B,30,5562,0,12312,0,5,A
948,1731,23,2.0,54.59602783454718,1231,10.0,4,3.0,2016,0.005767451,B,B,1,388,0,12312,0,0,B
949,3450,93,1.0,38.64810812484739,1231,8.0,4,14.0,1986,0.521867054,B,B,25,6149,0,12312,0,0,B
950,2961,103,1.0,38.40665116406807,1231,8.0,2,17.0,2000,0.0006991189999999,B,B,14,3369,24,12312,0,3,B
951,222,2,1.0,37.27667678894607,1231,9.0,4,14.0,1970,0.309479124,B,B,35,7715,4,12312,0,6,B
952,11454,28,4.0,102.2593336800646,1231,9.0,5,5.0,1957,0.118537385,B,B,30,6207,1,12312,1,0,B
953,7339,6,2.0,67.88583505959119,1231,1.0,12,17.0,1977,0.243204519,B,B,5,1564,0,12312,0,0,B
954,12096,27,1.0,39.90649131226317,1231,1.0,3,19.0,1977,0.211401214,B,B,9,1892,0,12312,0,1,B
955,14074,62,2.0,49.46631619613606,1231,6.0,2,9.0,1976,0.002211665,B,B,39,7614,3,12312,1,5,A
956,4058,27,6.0,223.453688810856,1231,16.0,2,2.0,2017,0.041116354,B,B,53,14892,4,12312,1,4,B
957,6603,49,2.0,59.22348128446816,1231,8.0,5,5.0,1962,0.020741326,B,B,24,5613,5,12312,2,5,B
958,3289,62,1.0,35.1205247791906,1231,0.0,26,0.0,1977,0.072157581,B,B,2,629,1,12312,0,0,A
959,16681,58,3.0,77.69339520104248,1231,10.0,10,14.0,1996,0.1489038909999999,B,B,9,1952,1,12312,3,2,B
960,8200,15,3.0,82.99674492015453,1231,12.0,8,12.0,2006,0.158249043,B,B,21,5731,0,12312,1,0,B
961,3343,58,0.0,116.82420052739992,1231,0.0,3,3.0,1977,0.43788524,B,B,23,5735,3,12312,0,5,B
962,7802,145,1.0,42.18468214842373,1231,8.0,14,14.0,1966,0.0,B,B,30,5562,0,12312,0,5,A
963,2082,177,3.0,78.66358951365567,1231,9.0,4,8.0,1960,0.0,B,B,36,6714,2,12312,0,2,B
964,217,80,2.0,59.439562966402455,1231,10.0,11,17.0,1989,0.0,B,B,39,8647,0,12312,0,5,B
965,1720,44,2.0,43.21497110263211,1231,5.0,3,5.0,1966,0.232205084,B,B,24,4860,1,12312,0,3,B
966,7224,67,3.0,63.48878504313341,1231,8.0,6,9.0,1977,0.100455735,B,B,43,7227,0,12312,1,6,A
967,6176,27,2.0,42.37748780927234,1231,1.0,14,17.0,2014,0.072157581,B,B,2,629,1,12312,0,0,A
968,12571,2,2.0,56.09479473725982,1231,10.0,10,16.0,1973,0.130617806,B,B,39,10418,9,12312,1,9,B
969,16666,17,2.0,57.40806102739092,1231,8.0,27,25.0,2002,0.0,B,B,18,3374,5,12312,1,2,B
970,8908,22,2.0,67.12119392642221,1231,1.0,15,17.0,1977,0.118537385,B,B,30,6207,1,12312,1,0,B
971,6914,93,2.0,48.56274186178487,1231,6.0,6,9.0,1978,0.050900058,B,B,43,10621,1,12312,2,3,B
972,5428,27,2.0,62.32604379639152,1231,61.0,12,17.0,1977,0.072157581,B,B,2,629,1,12312,0,0,A
973,381,1,2.0,54.89000565970146,1231,1.0,11,17.0,1977,0.007122317,B,B,1,264,0,12312,0,1,B
974,3991,44,1.0,42.86492392641726,1231,10.0,11,18.0,2004,0.232205084,B,B,24,4860,1,12312,0,3,B
975,16365,178,2.0,55.00290277599888,1231,9.0,10,12.0,1976,0.212515361,B,B,19,3293,16,12312,3,7,B
976,1046,46,3.0,50.37091607031399,1231,6.0,1,9.0,1975,0.150817539,B,B,16,3433,4,12312,4,5,B
977,391,99,1.0,33.21163650610413,1231,6.0,8,9.0,1973,0.012338886,B,B,35,5776,1,12312,2,4,B
978,9212,121,3.0,67.35340643632648,1231,7.0,12,12.0,1976,0.212515361,B,B,19,3293,16,12312,3,7,B
979,3022,83,1.0,42.70103167477756,1231,7.0,16,17.0,2000,0.0077202819999999,B,B,38,4788,2,12312,0,4,B
980,9961,23,1.0,51.28947635675622,1231,1.0,3,17.0,1977,0.014072961,B,B,2,475,0,12312,0,0,B
981,6764,104,2.0,45.58102389071068,1231,6.0,5,5.0,1917,7.81528e-05,B,B,22,6398,141,12312,3,23,B
982,7720,48,1.0,35.169287312875106,1231,6.0,3,9.0,1981,0.041124634,B,B,46,9515,5,12312,1,10,B
983,4809,1,2.0,68.67221761959297,1231,1.0,5,9.0,2016,0.007122317,B,B,1,264,0,12312,0,1,B
984,8877,55,3.0,85.9993289356634,1231,10.0,16,17.0,1989,0.041365446,B,B,31,5569,0,12312,1,4,B
985,7817,81,2.0,43.006785389992295,1231,5.0,5,5.0,1964,0.006076152,B,B,30,5285,0,12312,6,6,B
986,10614,27,1.0,44.25499476053788,1231,1.0,3,1.0,1977,0.211401214,B,B,9,1892,0,12312,0,1,B
987,5553,22,3.0,80.68829375466234,1231,1.0,7,1.0,1977,0.118537385,B,B,30,6207,1,12312,1,0,B
988,16488,9,1.0,34.73056003250077,1231,9.0,10,22.0,1988,0.136244425,B,B,11,2370,0,12312,0,1,B
989,11002,119,2.0,39.88853665186903,1231,6.0,5,9.0,1968,0.033493708,B,B,66,10573,1,12312,3,8,B
990,13592,31,3.0,68.56716856897975,1231,7.0,3,9.0,1960,0.0,B,B,23,3684,2,12312,0,4,B
991,15050,28,3.0,61.37808758991882,1231,6.0,6,9.0,1971,0.118537385,B,B,30,6207,1,12312,1,0,B
992,13553,94,2.0,60.622250468032114,1231,0.0,23,24.0,1977,0.282797669,B,B,33,8667,2,12312,0,6,B
993,9041,27,2.0,86.1304910523078,1231,15.0,7,14.0,2009,0.051815435,B,B,5,1227,0,12312,0,0,B
994,5461,155,4.0,86.9559525934521,1231,6.0,4,6.0,1938,0.042307271,B,B,17,2810,9,12312,3,6,B
995,16274,113,1.0,103.76343427522282,1231,1.0,21,20.0,2014,0.050755569,B,B,24,5469,1,12312,0,1,B
996,2138,27,1.0,5.647458432920238,1231,1.0,1,1.0,1977,0.017647053,B,B,2,469,0,12312,0,0,B
997,6245,23,2.0,59.856978513862494,1231,1.0,8,25.0,1977,0.075778755,B,B,6,1437,3,12312,0,2,B
998,8245,123,2.0,44.49695416505069,1231,5.0,2,9.0,1969,0.0,B,B,47,11319,0,12312,3,5,B
999,6491,6,3.0,80.52416501091461,1231,1.0,6,1.0,2016,0.243204519,B,B,5,1564,0,12312,0,0,B
